;Url;Zestimate;Price;Rent_Zestimate;Bathrooms;Bedrooms;Living_Area;Street_Address;City;Zip;Broker_Name;Has_3D_Model;Has_Video;statusText;Pool
0;https://www.zillow.com/homedetails/8198-Uphill-Rd-Joshua-Tree-CA-92252/111061445_zpid/;;18000000;2435.0;4;3;5470;8198 Uphill Rd;Joshua Tree;92252;AKGRE Inc;False;False;House for sale;False
1;https://www.zillow.com/homedetails/4757-Avenida-La-Espana-Daga-Joshua-Tree-CA-92252/2068547002_zpid/;223200.0;399990;1786.0;2;3;1056;4757 Avenida La Espana Daga;Joshua Tree;92252;Champion Realty;False;False;House for sale;False
2;https://www.zillow.com/homedetails/61018-Prescott-Trl-Joshua-Tree-CA-92252/17493731_zpid/;568947.0;575000;2300.0;2;3;1577;61018 Prescott Trl;Joshua Tree;92252;BHG Desert Lifestyle Properties;True;True;House for sale;False
3;https://www.zillow.com/homedetails/61875-Anaconda-Dr-Joshua-Tree-CA-92252/17494677_zpid/;851656.0;899000;4798.0;2;3;1434;61875 Anaconda Dr;Joshua Tree;92252;Cherie Miller & Assoc.;False;False;House for sale;False
4;https://www.zillow.com/homedetails/61879-Petunia-Dr-Joshua-Tree-CA-92252/17500696_zpid/;;369900;1825.0;1;3;1040;61879 Petunia Dr;Joshua Tree;92252;Cherie Miller & Assoc.;False;False;House for sale;False
5;https://www.zillow.com/homedetails/7201-Demesne-Rd-Joshua-Tree-CA-92252/89163682_zpid/;388300.0;520000;2300.0;2;4;1527;7201 Demesne Rd;Joshua Tree;92252;NextHome Select Realtors;False;False;House for sale;False
6;https://www.zillow.com/homedetails/61854-Crest-Cir-Joshua-Tree-CA-92252/17500217_zpid/;392179.0;399000;1897.0;2;3;1100;61854 Crest Cir;Joshua Tree;92252;REAL BROKERAGE TECHNOLOGIES;False;False;House for sale;True
7;https://www.zillow.com/homedetails/61635-Adobe-Dr-Joshua-Tree-CA-92252/17499740_zpid/;361925.0;369000;1914.0;2;3;1026;61635 Adobe Dr;Joshua Tree;92252;Cherie Miller & Assoc.;False;False;House for sale;False
8;https://www.zillow.com/homedetails/60217-Sunny-Sands-Dr-Joshua-Tree-CA-92252/79553621_zpid/;628494.0;650000;2499.0;2;3;1488;60217 Sunny Sands Dr;Joshua Tree;92252;BRAXTON REAL ESTATE;False;False;House for sale;False
9;https://www.zillow.com/homedetails/65226-Broadway-St-Joshua-Tree-CA-92252/82895006_zpid/;391519.0;399000;1844.0;2;3;1084;65226 Broadway St;Joshua Tree;92252;Coldwell Banker Roadrunner;False;False;House for sale;False
10;https://www.zillow.com/homedetails/61756-Navajo-Trl-Joshua-Tree-CA-92252/17493875_zpid/;350000.0;350000;2214.0;2;3;1756;61756 Navajo Trl;Joshua Tree;92252;Joshua Tree Realty;False;False;House for sale;False
11;https://www.zillow.com/homedetails/4741-Avenida-Del-Sol-Joshua-Tree-CA-92252/17498651_zpid/;753106.0;769000;2901.0;3;4;1871;4741 Avenida Del Sol;Joshua Tree;92252;Backbeat Homes;True;False;House for sale;True
12;https://www.zillow.com/homedetails/7835-Conejo-Ave-Joshua-Tree-CA-92252/299169777_zpid/;1138900.0;1200000;4876.0;3;3;1900;7835 Conejo Ave;Joshua Tree;92252;Cherie Miller & Assoc.;False;False;New construction;False
13;https://www.zillow.com/homedetails/4851-Avenida-La-Manana-Joshua-Tree-CA-92252/17498700_zpid/;222420.0;224999;1853.0;2;3;1120;4851 Avenida La Manana;Joshua Tree;92252;CORCORAN GLOBAL LIVING;False;False;House for sale;False
14;https://www.zillow.com/homedetails/678-Polaris-Ave-Joshua-Tree-CA-92252/17508443_zpid/;541417.0;559900;3262.0;3;3;1949;678 Polaris Ave;Joshua Tree;92252;Yucca Valley Realty, Inc.;False;False;House for sale;False
15;https://www.zillow.com/homedetails/63973-Gold-Nugget-Ave-Joshua-Tree-CA-92252/137802153_zpid/;1505009.0;1560000;1823.0;3;3;1538;63973 Gold Nugget Ave;Joshua Tree;92252;BHG Desert Lifestyle Properties;False;False;New construction;True
16;https://www.zillow.com/homedetails/60425-Alta-Mura-Dr-Joshua-Tree-CA-92252/17499567_zpid/;484500.0;489000;2999.0;3;4;1850;60425 Alta Mura Dr;Joshua Tree;92252;REALTY ONE GROUP EMPIRE;False;False;House for sale;False
17;https://www.zillow.com/homedetails/64827-3rd-St-S-Joshua-Tree-CA-92252/17501278_zpid/;320000.0;320000;1734.0;2;3;1112;64827 3rd St S;Joshua Tree;92252;BHG Desert Lifestyle Properties;False;False;House for sale;False
18;https://www.zillow.com/homedetails/61880-Valley-View-Cir-Joshua-Tree-CA-92252/17500268_zpid/;691000.0;691000;2425.0;2;3;1909;61880 Valley View Cir;Joshua Tree;92252;Berkshire Hathaway H.S.C.P.;False;False;House for sale;True
19;https://www.zillow.com/homedetails/60184-Natoma-Trl-Joshua-Tree-CA-92252/17492899_zpid/;474600.0;475000;2268.0;1;3;1363;60184 Natoma Trl;Joshua Tree;92252;Homesmart Professionals;False;False;House for sale;False
20;https://www.zillow.com/homedetails/61415-Alta-Loma-Dr-Joshua-Tree-CA-92252/17493189_zpid/;739397.0;749000;2999.0;3;3;1957;61415 Alta Loma Dr;Joshua Tree;92252;Homesmart Professionals;False;False;House for sale;False
21;https://www.zillow.com/homedetails/62176-Highland-View-Dr-Joshua-Tree-CA-92252/17498320_zpid/;578800.0;949000;2570.0;3;3;1600;62176 Highland View Dr;Joshua Tree;92252;Sharon Rose Realty, Inc.;False;False;House for sale;True
22;https://www.zillow.com/homedetails/61970-Petunia-Dr-Joshua-Tree-CA-92252/82902960_zpid/;450000.0;450000;1829.0;2;3;1050;61970 Petunia Dr;Joshua Tree;92252;Homesmart Professionals;False;False;House for sale;False
23;https://www.zillow.com/homedetails/7736-Elwood-St-Joshua-Tree-CA-92252/69004586_zpid/;517354.0;525000;2214.0;2;3;1589;7736 Elwood St;Joshua Tree;92252;Building Joshua Tree Real Estate;False;False;House for sale;False
24;https://www.zillow.com/homedetails/2651-Foxy-Flats-Rd-Joshua-Tree-CA-92252/17498298_zpid/;1016200.0;1100000;3211.0;2;3;1968;2651 Foxy Flats Rd;Joshua Tree;92252;Compass;False;False;House for sale;True
25;https://www.zillow.com/homedetails/60440-Granada-Dr-Joshua-Tree-CA-92252/17499523_zpid/;315001.0;315000;1935.0;2;3;1144;60440 Granada Dr;Joshua Tree;92252;Joshua Tree Realty;False;False;House for sale;False
26;https://www.zillow.com/homedetails/61464-Melton-Trl-Joshua-Tree-CA-92252/137789108_zpid/;1380952.0;1450000;1545.0;3;3;1785;61464 Melton Trl;Joshua Tree;92252;GARY CASMANO, BROKER;False;False;New construction;True
27;https://www.zillow.com/homedetails/2838-Rice-Ave-Joshua-Tree-CA-92252/17501062_zpid/;424700.0;450000;3087.0;3;3;2076;2838 Rice Ave;Joshua Tree;92252;Cherie Miller & Assoc.;False;False;House for sale;False
28;https://www.zillow.com/homedetails/6315-El-Reposo-Cir-Joshua-Tree-CA-92252/17500501_zpid/;350900.0;355000;2434.0;2;3;1600;6315 El Reposo Cir;Joshua Tree;92252;REALTY ONE GROUP HOMELINK;False;False;House for sale;False
29;https://www.zillow.com/homedetails/3382-Center-Ave-Joshua-Tree-CA-92252/2060708859_zpid/;;2100000;;3;3;2160;3382 Center Ave;Joshua Tree;92252;Power Real Estate;False;False;New construction;True
30;https://www.zillow.com/homedetails/61727-Morningside-Rd-Joshua-Tree-CA-92252/17500544_zpid/;332724.0;335000;1823.0;2;3;1104;61727 Morningside Rd;Joshua Tree;92252;BHG Desert Lifestyle Properties;True;False;House for sale;False
31;https://www.zillow.com/homedetails/7153-Olympic-Rd-Joshua-Tree-CA-92252/17499509_zpid/;573121.0;579000;1856.0;2;3;1974;7153 Olympic Rd;Joshua Tree;92252;ALPINE REALTY;False;False;New construction;False
32;https://www.zillow.com/homedetails/7037-Conejo-Ave-Joshua-Tree-CA-92252/17500112_zpid/;425274.0;430000;2499.0;2;3;1880;7037 Conejo Ave;Joshua Tree;92252;Cherie Miller & Assoc.;False;False;House for sale;False
33;https://www.zillow.com/homedetails/8080-Wesley-Rd-Joshua-Tree-CA-92252/17493032_zpid/;1395200.0;1495000;6627.0;3;4;2100;8080 Wesley Rd;Joshua Tree;92252;Joshua Tree Modern;False;False;House for sale;False
34;https://www.zillow.com/homedetails/885-Sungold-Ave-Joshua-Tree-CA-92252/2060845240_zpid/;;899000;;4;3;1701;885 Sungold Ave;Joshua Tree;92252;Sharon Rose Realty, Inc.;False;False;House for sale;False
35;https://www.zillow.com/homedetails/4622-Avenida-La-Mirada-Trl-Joshua-Tree-CA-92252/17498572_zpid/;643025.0;650000;2437.0;2;3;2046;4622 Avenida La Mirada Trl;Joshua Tree;92252;Joshua Tree Realty;False;False;House for sale;False
36;https://www.zillow.com/homedetails/61745-Pueblo-Trl-Joshua-Tree-CA-92252/82921933_zpid/;599901.0;599900;2469.0;2;4;1961;61745 Pueblo Trl;Joshua Tree;92252;Redfin Corporation;True;False;House for sale;False
37;https://www.zillow.com/homedetails/61836-Grand-View-Cir-Joshua-Tree-CA-92252/82896400_zpid/;364770.0;369000;2469.0;2;3;1350;61836 Grand View Cir;Joshua Tree;92252;eXp Realty of California Inc.;False;False;House for sale;False
38;https://www.zillow.com/homedetails/6715-Torres-Ave-Joshua-Tree-CA-92252/137799409_zpid/;906511.0;925000;2643.0;2;3;1540;6715 Torres Ave;Joshua Tree;92252;Compass;False;False;House for sale;False
39;https://www.zillow.com/homedetails/61426-Alta-Vista-Dr-Joshua-Tree-CA-92252/17499790_zpid/;430074.0;439999;2851.0;2;3;1959;61426 Alta Vista Dr;Joshua Tree;92252;I Heart Real Estate, Inc.;False;False;House for sale;False
40;https://www.zillow.com/homedetails/6655-Cascade-Rd-Panorama-Heights-CA-92252/137803400_zpid/;858488.0;878000;2499.0;2;3;1540;6655 Cascade Rd;Panorama Heights;92252;Joshua Tree Modern;False;False;New construction;False
41;https://www.zillow.com/homedetails/60440-Alta-Mesa-Dr-Joshua-Tree-CA-92252/17499559_zpid/;584999.0;599995;1849.0;2;3;1100;60440 Alta Mesa Dr;Joshua Tree;92252;Joshua Tree Modern;False;False;House for sale;False
42;https://www.zillow.com/homedetails/6828-Hill-View-Rd-Joshua-Tree-CA-92252/17500015_zpid/;292172.0;299999;2329.0;2;3;1215;6828 Hill View Rd;Joshua Tree;92252;Joshua Tree Realty;False;False;House for sale;False
43;https://www.zillow.com/homedetails/61516-Valley-View-Dr-Joshua-Tree-CA-92252/17499999_zpid/;432400.0;435000;1649.0;1;3;896;61516 Valley View Dr;Joshua Tree;92252;eXp Realty of California Inc.;False;False;House for sale;False
44;https://www.zillow.com/homedetails/62250-Campanula-St-Joshua-Tree-CA-92252/137797147_zpid/;493885.0;495000;3140.0;2;3;1913;62250 Campanula St;Joshua Tree;92252;Equity Union;False;False;House for sale;False
45;https://www.zillow.com/homedetails/4574-Avenida-Del-Sol-Joshua-Tree-CA-92252/17498611_zpid/;321428.0;325000;1808.0;1;3;1056;4574 Avenida Del Sol;Joshua Tree;92252;Joshua Tree Modern;False;False;House for sale;False
46;https://www.zillow.com/homedetails/62610-Belmont-St-Joshua-Tree-CA-92252/17500991_zpid/;903800.0;925000;3111.0;2;3;2071;62610 Belmont St;Joshua Tree;92252;Cherie Miller & Assoc.;False;False;House for sale;True
47;https://www.zillow.com/homedetails/62282-Dennis-Ave-Joshua-Tree-CA-92252/17498741_zpid/;663100.0;695000;4940.0;3;3;2729;62282 Dennis Ave;Joshua Tree;92252;Compass;False;True;House for sale;False
48;https://www.zillow.com/homedetails/60205-Latham-Trl-Joshua-Tree-CA-92252/69004514_zpid/;591369.0;599000;2300.0;2;3;1590;60205 Latham Trl;Joshua Tree;92252;Homequest Real Estate;False;False;House for sale;True
49;https://www.zillow.com/homedetails/61572-Calle-Del-Rio-Joshua-Tree-CA-92252/17498540_zpid/;435000.0;449000;2931.0;2;4;1991;61572 Calle Del Rio;Joshua Tree;92252;Cherie Miller & Assoc.;True;False;House for sale;False
50;https://www.zillow.com/homedetails/61729-Oleander-Dr-Joshua-Tree-CA-92252/17500720_zpid/;406100.0;419000;1764.0;2;3;1100;61729 Oleander Dr;Joshua Tree;92252;Cherie Miller & Assoc.;False;False;House for sale;False
51;https://www.zillow.com/homedetails/4334-Wren-Rd-Joshua-Tree-CA-92252/2070275900_zpid/;470200.0;875000;2300.0;2;3;1280;4334 Wren Rd;Joshua Tree;92252;Sharon Rose Realty, Inc.;False;False;House for sale;False
52;https://www.zillow.com/homedetails/4590-Avenida-Del-Sol-Joshua-Tree-CA-92252/17498612_zpid/;565000.0;565000;1784.0;1;3;985;4590 Avenida Del Sol;Joshua Tree;92252;KASE Real Estate;False;False;House for sale;True
53;https://www.zillow.com/homedetails/7075-Sunny-Vista-Rd-Joshua-Tree-CA-92252/17499691_zpid/;593152.0;625000;3375.0;3;3;1892;7075 Sunny Vista Rd;Joshua Tree;92252;Cherie Miller & Assoc.;False;False;House for sale;True
54;https://www.zillow.com/homedetails/7837-Sunny-Vista-Rd-Joshua-Tree-CA-92252/17493735_zpid/;629823.0;645000;2570.0;2;3;1923;7837 Sunny Vista Rd;Joshua Tree;92252;TNG Real Estate Consultants;False;False;House for sale;True
55;https://www.zillow.com/homedetails/61471-El-Cajon-Dr-Joshua-Tree-CA-92252/17499848_zpid/;493629.0;499999;1864.0;2;3;1056;61471 El Cajon Dr;Joshua Tree;92252;KEN SCOTT REAL ESTATE;False;False;House for sale;False
56;https://www.zillow.com/homedetails/61530-Sandalwood-Trl-Joshua-Tree-CA-92252/17493269_zpid/;617900.0;610000;2999.0;4;3;2000;61530 Sandalwood Trl;Joshua Tree;92252;Capitis Real Estate;False;False;House for sale;False
57;https://www.zillow.com/homedetails/63576-4th-St-S-Joshua-Tree-CA-92252/2111174280_zpid/;;439999;1844.0;1;4;1096;63576 4th St S;Joshua Tree;92252;Coldwell Banker Roadrunner;False;False;House for sale;False
58;https://www.zillow.com/homedetails/7895-Sunset-Rd-Joshua-Tree-CA-92252/17493861_zpid/;660019.0;689900;2211.0;2;3;1696;7895 Sunset Rd;Joshua Tree;92252;Triad, REALTORSÂ® Yucca Valley;False;False;House for sale;False
59;https://www.zillow.com/homedetails/7696-Elwood-St-Joshua-Tree-CA-92252/17493854_zpid/;636458.0;650000;4623.0;4;3;3148;7696 Elwood St;Joshua Tree;92252;Malbec Realty;False;False;House for sale;False
60;https://www.zillow.com/homedetails/61931-Oleander-Dr-Joshua-Tree-CA-92252/82906514_zpid/;365600.0;398000;2084.0;2;3;1296;61931 Oleander Dr;Joshua Tree;92252;Tri-Valley Realty;False;False;Foreclosure;False
61;https://www.zillow.com/homedetails/62831-Overhill-Rd-Joshua-Tree-CA-92252/17495043_zpid/;879000.0;1100000;3063.0;4;4;1980;62831 Overhill Rd;Joshua Tree;92252;Joshua Tree Modern;False;False;House for sale;False
62;https://www.zillow.com/homedetails/3034-Center-Ave-Joshua-Tree-CA-92252/82897011_zpid/;513400.0;550000;2939.0;2;3;1872;3034 Center Ave;Joshua Tree;92252;Joshua Tree Modern;False;False;House for sale;False
63;https://www.zillow.com/homedetails/65057-Venus-St-Joshua-Tree-CA-92252/17508612_zpid/;303600.0;319000;1669.0;2;4;1176;65057 Venus St;Joshua Tree;92252;Dynasty Real Estate;False;False;House for sale;False
64;https://www.zillow.com/homedetails/61766-Pueblo-Trl-Joshua-Tree-CA-92252/82900893_zpid/;577485.0;599000;2300.0;2;3;1524;61766 Pueblo Trl;Joshua Tree;92252;Capitis Real Estate;False;False;House for sale;False
65;https://www.zillow.com/homedetails/7070-Stoney-Crest-Dr-Joshua-Tree-CA-92252/2069748114_zpid/;;1100000;;4;4;2678;7070 Stoney Crest Dr;Joshua Tree;92252;Keller Williams Realty;False;False;House for sale;True
66;https://www.zillow.com/homedetails/61700-W-Pkwy-Joshua-Tree-CA-92252/2067247024_zpid/;;350000;;2;3;973;61700 W Pkwy;Joshua Tree;92252;Joshua Tree Modern;False;False;House for sale;False
67;https://www.zillow.com/homedetails/64275-Orion-Dr-Joshua-Tree-CA-92252/137816642_zpid/;819349.0;849000;3140.0;4;3;1700;64275 Orion Dr;Joshua Tree;92252;Sharon Rose Realty, Inc.;False;False;House for sale;False
68;https://www.zillow.com/homedetails/64873-Chollita-Rd-Joshua-Tree-CA-92252/17501223_zpid/;331900.0;399995;1853.0;1;3;1080;64873 Chollita Rd;Joshua Tree;92252;REALTY ONE GROUP HOMELINK;False;False;House for sale;False
69;https://www.zillow.com/homedetails/62036-Bonair-Rd-Joshua-Tree-CA-92252/82920089_zpid/;400438.0;413000;2400.0;2;3;1386;62036 Bonair Rd;Joshua Tree;92252;Sotheby's International Realty;False;False;House for sale;False
70;https://www.zillow.com/homedetails/7320-Sherwood-Rd-Joshua-Tree-CA-92252/17492889_zpid/;850155.0;879000;2398.0;2;3;1700;7320 Sherwood Rd;Joshua Tree;92252;Joshua Tree Modern;False;False;House for sale;False
71;https://www.zillow.com/homedetails/0-Sunfair-Rd-Joshua-Tree-CA-92252/2122899357_zpid/;;1800000;3499.0;4;4;2200;0 Sunfair Rd;Joshua Tree;92252;Berkshire Hathaway H.S.C.P.;False;False;New construction;True
72;https://www.zillow.com/homedetails/7160-Olympic-Rd-Joshua-Tree-CA-92252/137799496_zpid/;;850000;4500.0;3;4;2600;7160 Olympic Rd;Joshua Tree;92252;Keller Williams Realty;False;False;House for sale;False
73;https://www.zillow.com/homedetails/58176-Desert-Gold-Dr-Yucca-Valley-CA-92284/17493963_zpid/;526300.0;539000;3649.0;3;3;2436;58176 Desert Gold Dr;Yucca Valley;92284;Cherie Miller & Assoc.;False;False;House for sale;False
74;https://www.zillow.com/homedetails/9025-Warren-Vista-Ave-Yucca-Valley-CA-92284/17494584_zpid/;890416.0;949000;3058.0;4;4;3542;9025 Warren Vista Ave;Yucca Valley;92284;Malbec Realty;False;True;House for sale;True
75;https://www.zillow.com/homedetails/57557-Sunny-Slope-Dr-Yucca-Valley-CA-92284/17496248_zpid/;;459999;;2;4;1940;57557 Sunny Slope Dr;Yucca Valley;92284;Realty One Group United;False;False;House for sale;False
76;https://www.zillow.com/homedetails/56276-Breezy-Ln-Yucca-Valley-CA-92284/17497239_zpid/;487707.0;499900;3234.0;2;3;1632;56276 Breezy Ln;Yucca Valley;92284;Harcourts Prime Properties;False;False;House for sale;False
77;https://www.zillow.com/homedetails/4343-Avalon-Ave-Yucca-Valley-CA-92284/69004775_zpid/;558100.0;659000;3195.0;3;3;2010;4343 Avalon Ave;Yucca Valley;92284;Power Real Estate;False;False;House for sale;False
78;https://www.zillow.com/homedetails/7552-Cardillo-Trl-Yucca-Valley-CA-92284/17491230_zpid/;543600.0;749000;2922.0;3;3;1678;7552 Cardillo Trl;Yucca Valley;92284;Equity Union;False;False;House for sale;True
79;https://www.zillow.com/homedetails/7614-Ventura-Ave-Yucca-Valley-CA-92284/17490025_zpid/;417400.0;499000;2666.0;2;3;1678;7614 Ventura Ave;Yucca Valley;92284;Alta Realty Group CA, Inc;False;False;House for sale;False
80;https://www.zillow.com/homedetails/7433-Dumosa-Ave-Yucca-Valley-CA-92284/17491730_zpid/;330100.0;349900;2300.0;2;3;1404;7433 Dumosa Ave;Yucca Valley;92284;Cherie Miller & Assoc.;False;False;House for sale;False
81;https://www.zillow.com/homedetails/54610-Primavera-Dr-Yucca-Valley-CA-92284/17491243_zpid/;382154.0;389000;1999.0;2;3;1218;54610 Primavera Dr;Yucca Valley;92284;Sharon Rose Realty, Inc.;False;False;House for sale;False
82;https://www.zillow.com/homedetails/8552-Taft-Ct-Yucca-Valley-CA-92284/17490325_zpid/;467500.0;530000;2710.0;3;3;2134;8552 Taft Ct;Yucca Valley;92284;BHG Desert Lifestyle Properties;True;False;House for sale;True
83;https://www.zillow.com/homedetails/56834-Navajo-Trl-Yucca-Valley-CA-92284/17492677_zpid/;359223.0;370000;1999.0;2;3;1302;56834 Navajo Trl;Yucca Valley;92284;BHG Desert Lifestyle Properties;True;False;House for sale;False
84;https://www.zillow.com/homedetails/7120-Emerson-Ave-Yucca-Valley-CA-92284/17499303_zpid/;484952.0;484950;2394.0;2;4;1784;7120 Emerson Ave;Yucca Valley;92284;Fiv Realty Co;False;False;House for sale;False
85;https://www.zillow.com/homedetails/5088-Elata-Ave-Yucca-Valley-CA-92284/17496742_zpid/;684150.0;699000;3034.0;3;3;1929;5088 Elata Ave;Yucca Valley;92284;Cherie Miller & Assoc.;False;False;House for sale;True
86;https://www.zillow.com/homedetails/58574-Buena-Vista-Dr-Yucca-Valley-CA-92284/17497443_zpid/;424900.0;424900;2528.0;2;3;1396;58574 Buena Vista Dr;Yucca Valley;92284;The Glen Realty;False;False;House for sale;False
87;https://www.zillow.com/homedetails/58872-Meredith-Ct-Yucca-Valley-CA-92284/79560997_zpid/;599999.0;599999;2999.0;2;4;1885;58872 Meredith Ct;Yucca Valley;92284;Century 21 Allstars;False;False;House for sale;False
88;https://www.zillow.com/homedetails/57845-San-Andreas-Rd-Yucca-Valley-CA-92284/69004646_zpid/;769526.0;795000;3399.0;3;4;2351;57845 San Andreas Rd;Yucca Valley;92284;Cherie Miller & Assoc.;False;False;House for sale;False
89;https://www.zillow.com/homedetails/57439-Saint-Marys-Dr-Yucca-Valley-CA-92284/69004693_zpid/;479000.0;479000;2570.0;2;4;1711;57439 Saint Marys Dr;Yucca Valley;92284;Cherie Miller & Assoc.;False;False;House for sale;False
90;https://www.zillow.com/homedetails/1426-Hilton-Ave-Yucca-Valley-CA-92284/17508214_zpid/;295295.0;299000;2499.0;2;3;1428;1426 Hilton Ave;Yucca Valley;92284;Dynasty Real Estate;False;False;House for sale;False
91;https://www.zillow.com/homedetails/7641-Warren-Vista-Ave-Yucca-Valley-CA-92284/17492787_zpid/;554400.0;690000;4859.0;3;5;3551;7641 Warren Vista Ave;Yucca Valley;92284;ALTICORE REALTY;False;False;House for sale;False
92;https://www.zillow.com/homedetails/7650-Rockaway-Ave-Yucca-Valley-CA-92284/137784592_zpid/;485469.0;489000;3211.0;2;4;1948;7650 Rockaway Ave;Yucca Valley;92284;Parent Realty;False;False;New construction;False
93;https://www.zillow.com/homedetails/59325-Canterbury-St-Yucca-Valley-CA-92284/337970706_zpid/;521030.0;525000;1794.0;2;4;1948;59325 Canterbury St;Yucca Valley;92284;Parent Realty;False;False;New construction;False
94;https://www.zillow.com/homedetails/56808-Kismet-Rd-Yucca-Valley-CA-92284/17490185_zpid/;450002.0;450000;2467.0;2;3;1674;56808 Kismet Rd;Yucca Valley;92284;Joshua Tree Modern;False;False;House for sale;False
95;https://www.zillow.com/homedetails/58250-Sierra-Vista-Dr-Yucca-Valley-CA-92284/17497576_zpid/;542300.0;549000;2055.0;2;3;1392;58250 Sierra Vista Dr;Yucca Valley;92284;KASE Real Estate;False;False;House for sale;False
96;https://www.zillow.com/homedetails/3990-Bonita-Ave-Yucca-Valley-CA-92284/17498131_zpid/;337900.0;337900;1764.0;2;3;1056;3990 Bonita Ave;Yucca Valley;92284;Oasis Realty Group Inc.;False;False;House for sale;False
97;https://www.zillow.com/homedetails/7478-Goleta-Ave-Yucca-Valley-CA-92284/17494348_zpid/;525004.0;525000;2199.0;2;3;1508;7478 Goleta Ave;Yucca Valley;92284;Compass;False;False;House for sale;True
98;https://www.zillow.com/homedetails/7632-Aster-Ave-Yucca-Valley-CA-92284/17491800_zpid/;299741.0;298000;1800.0;2;3;1193;7632 Aster Ave;Yucca Valley;92284;Cherie Miller & Assoc.;False;False;House for sale;False
99;https://www.zillow.com/homedetails/7463-Dumosa-Ave-Yucca-Valley-CA-92284/17491728_zpid/;380000.0;380000;2937.0;3;3;1768;7463 Dumosa Ave;Yucca Valley;92284;BHG Desert Lifestyle Properties;False;False;House for sale;False
100;https://www.zillow.com/homedetails/8582-Frontera-Ave-Yucca-Valley-CA-92284/17494235_zpid/;778642.0;799000;2350.0;2;3;1815;8582 Frontera Ave;Yucca Valley;92284;Fathom Realty Group, Inc.;False;False;House for sale;False
101;https://www.zillow.com/homedetails/7685-Victoria-Ave-Yucca-Valley-CA-92284/17493882_zpid/;465400.0;465500;2675.0;3;4;1900;7685 Victoria Ave;Yucca Valley;92284;eXp Realty of California Inc.;False;False;House for sale;False
102;https://www.zillow.com/homedetails/7621-Hanford-Ave-Yucca-Valley-CA-92284/17493657_zpid/;394700.0;395000;2214.0;2;3;1564;7621 Hanford Ave;Yucca Valley;92284;BHG Desert Lifestyle Properties;True;False;House for sale;False
103;https://www.zillow.com/homedetails/7629-Rockaway-Ave-Yucca-Valley-CA-92284/69004310_zpid/;764822.0;775000;3539.0;2;3;2235;7629 Rockaway Ave;Yucca Valley;92284;Cherie Miller & Assoc.;False;False;House for sale;True
104;https://www.zillow.com/homedetails/56814-Ivanhoe-Dr-Yucca-Valley-CA-92284/17489924_zpid/;347100.0;359000;2786.0;2;3;1878;56814 Ivanhoe Dr;Yucca Valley;92284;HomeSmart Evergreen Realty;False;False;House for sale;False
105;https://www.zillow.com/homedetails/7431-Condalia-Ave-Yucca-Valley-CA-92284/17491718_zpid/;385900.0;385900;2394.0;2;3;1557;7431 Condalia Ave;Yucca Valley;92284;Capitis Real Estate;False;False;House for sale;False
106;https://www.zillow.com/homedetails/56643-Kismet-Rd-Yucca-Valley-CA-92284/17490165_zpid/;449200.0;459900;2984.0;2;3;2036;56643 Kismet Rd;Yucca Valley;92284;Tri-Valley Realty;False;False;Foreclosure;False
107;https://www.zillow.com/homedetails/57085-Monticello-Ct-Yucca-Valley-CA-92284/2076022368_zpid/;;849000;;3;3;2337;57085 Monticello Ct;Yucca Valley;92284;BHG Desert Lifestyle Properties;False;False;House for sale;False
108;https://www.zillow.com/homedetails/7429-Chippewa-Trl-Yucca-Valley-CA-92284/17494407_zpid/;;508950;;2;3;1862;7429 Chippewa Trl;Yucca Valley;92284;ALL NATIONS REALTY & INVS;False;False;House for sale;False
109;https://www.zillow.com/homedetails/6372-Marvin-Dr-Yucca-Valley-CA-92284/17498932_zpid/;461682.0;475000;1993.0;2;3;1553;6372 Marvin Dr;Yucca Valley;92284;Backbeat Homes;True;False;House for sale;False
110;https://www.zillow.com/homedetails/57077-Selecta-Ave-Yucca-Valley-CA-92284/72653678_zpid/;486205.0;499000;2946.0;3;4;2112;57077 Selecta Ave;Yucca Valley;92284;HARVEST REALTY DEVELOPMENT;False;False;House for sale;False
111;https://www.zillow.com/homedetails/7354-Rubidoux-Ave-Yucca-Valley-CA-92284/69004550_zpid/;880671.0;900000;2400.0;2;3;1764;7354 Rubidoux Ave;Yucca Valley;92284;Compass;False;False;House for sale;True
112;https://www.zillow.com/homedetails/7399-Palomar-Ave-Yucca-Valley-CA-92284/17493337_zpid/;478372.0;489900;2350.0;2;3;1530;7399 Palomar Ave;Yucca Valley;92284;BHG Desert Lifestyle Properties;False;False;House for sale;True
113;https://www.zillow.com/homedetails/7361-Avalon-Ave-Yucca-Valley-CA-92284/17494121_zpid/;417903.0;425000;2264.0;2;3;1444;7361 Avalon Ave;Yucca Valley;92284;Coldwell Banker Roadrunner;False;False;House for sale;False
114;https://www.zillow.com/homedetails/9255-Fortuna-Ave-Yucca-Valley-CA-92284/17494936_zpid/;759634.0;769000;4711.0;3;3;2801;9255 Fortuna Ave;Yucca Valley;92284;KELLER WILLIAMS REALTY;False;False;House for sale;False
115;https://www.zillow.com/homedetails/8361-Amador-Ave-Yucca-Valley-CA-92284/69004304_zpid/;406500.0;399000;2926.0;2;4;2123;8361 Amador Ave;Yucca Valley;92284;Redfin Corporation;True;False;House for sale;False
116;https://www.zillow.com/homedetails/59624-Sunflower-Dr-Yucca-Valley-CA-92284/137797697_zpid/;779033.0;799900;1794.0;3;3;1719;59624 Sunflower Dr;Yucca Valley;92284;Coldwell Banker Roadrunner;False;False;New construction;False
117;https://www.zillow.com/homedetails/56594-Zuni-Trl-Yucca-Valley-CA-92284/17492303_zpid/;375128.0;385000;2300.0;2;3;1396;56594 Zuni Trl;Yucca Valley;92284;Cherie Miller & Assoc.;False;False;House for sale;False
118;https://www.zillow.com/homedetails/57355-Sierra-Way-Yucca-Valley-CA-92284/82907752_zpid/;549000.0;549000;3999.0;2;3;2283;57355 Sierra Way;Yucca Valley;92284;A + Realty & Mortgage;False;False;House for sale;False
119;https://www.zillow.com/homedetails/6531-Prescott-Ave-Yucca-Valley-CA-92284/94692143_zpid/;402974.0;409000;2499.0;2;3;1352;6531 Prescott Ave;Yucca Valley;92284;Sharon Rose Realty, Inc.;False;True;House for sale;False
120;https://www.zillow.com/homedetails/57075-Farrelo-Ct-Yucca-Valley-CA-92284/17496846_zpid/;1092016.0;949000;2429.0;2;4;1842;57075 Farrelo Ct;Yucca Valley;92284;Malbec Realty;False;False;House for sale;False
121;https://www.zillow.com/homedetails/8210-Church-St-Yucca-Valley-CA-92284/17490128_zpid/;418600.0;479000;2907.0;2;4;1820;8210 Church St;Yucca Valley;92284;Revilo Realty, Inc.;False;False;Foreclosure;True
122;https://www.zillow.com/homedetails/7422-Joshua-Ln-Yucca-Valley-CA-92284/17491723_zpid/;445500.0;445500;2199.0;2;3;1812;7422 Joshua Ln;Yucca Valley;92284;eXp Realty of California Inc.;False;False;House for sale;False
123;https://www.zillow.com/homedetails/7575-Inca-Trl-Yucca-Valley-CA-92284/17490447_zpid/;365141.0;375000;2939.0;2;4;2115;7575 Inca Trl;Yucca Valley;92284;BHG Desert Lifestyle Properties;True;False;House for sale;False
124;https://www.zillow.com/homedetails/7060-Scarvan-Rd-Yucca-Valley-CA-92284/243180174_zpid/;492209.0;498000;3420.0;3;4;2006;7060 Scarvan Rd;Yucca Valley;92284;HomeSmart;False;False;House for sale;False
125;https://www.zillow.com/homedetails/55960-Onaga-Trl-Yucca-Valley-CA-92284/17490911_zpid/;277830.0;285000;1829.0;1;3;750;55960 Onaga Trl;Yucca Valley;92284;Good Deal Realty inc.;False;False;House for sale;True
126;https://www.zillow.com/homedetails/58783-Santa-Barbara-Dr-Yucca-Valley-CA-92284/17494986_zpid/;674473.0;699000;3240.0;2;3;2809;58783 Santa Barbara Dr;Yucca Valley;92284;Joshua Tree Modern;False;False;House for sale;True
127;https://www.zillow.com/homedetails/59156-Nelson-Ave-Yucca-Valley-CA-92284/17498915_zpid/;385000.0;385000;2669.0;2;3;1723;59156 Nelson Ave;Yucca Valley;92284;Reliance Real Estate Services;False;False;House for sale;False
128;https://www.zillow.com/homedetails/6328-Palo-Alto-Ave-Yucca-Valley-CA-92284/243182508_zpid/;778371.0;798000;2999.0;2;3;1814;6328 Palo Alto Ave;Yucca Valley;92284;Power Real Estate;False;False;House for sale;False
129;https://www.zillow.com/homedetails/9189-Del-Monte-Ave-Yucca-Valley-CA-92284/82900110_zpid/;1031378.0;899000;4659.0;3;5;3504;9189 Del Monte Ave;Yucca Valley;92284;Malbec Realty;False;False;House for sale;False
130;https://www.zillow.com/homedetails/7475-San-Remo-Trl-Yucca-Valley-CA-92284/17491221_zpid/;620737.0;639900;3543.0;3;3;2528;7475 San Remo Trl;Yucca Valley;92284;Coldwell Banker Roadrunner;False;False;House for sale;False
131;https://www.zillow.com/homedetails/4918-Goleta-Ave-Yucca-Valley-CA-92284/17498102_zpid/;334949.0;340000;2298.0;2;3;1338;4918 Goleta Ave;Yucca Valley;92284;Blockchain Realty, Inc.;False;False;House for sale;False
132;https://www.zillow.com/homedetails/56676-Sunset-Dr-Yucca-Valley-CA-92284/2068674930_zpid/;531300.0;549000;3137.0;3;4;1752;56676 Sunset Dr;Yucca Valley;92284;Sharon Rose Realty, Inc.;False;False;House for sale;False
133;https://www.zillow.com/homedetails/3635-Warren-Vista-Ave-Yucca-Valley-CA-92284/137796471_zpid/;440542.0;449900;2999.0;2;3;1538;3635 Warren Vista Ave;Yucca Valley;92284;Coldwell Banker Roadrunner;False;False;New construction;False
134;https://www.zillow.com/homedetails/56763-Java-Dr-Yucca-Valley-CA-92284/17490183_zpid/;489600.0;489600;2362.0;2;3;1534;56763 Java Dr;Yucca Valley;92284;Inspire Real Estate;False;False;House for sale;True
135;https://www.zillow.com/homedetails/57815-San-Tropeze-Dr-Yucca-Valley-CA-92284/17494194_zpid/;429569.0;450000;3799.0;3;4;2687;57815 San Tropeze Dr;Yucca Valley;92284;Keller Williams Realty;False;False;House for sale;False
136;https://www.zillow.com/homedetails/57088-Monticello-Rd-Yucca-Valley-CA-92284/137794532_zpid/;708171.0;729000;3928.0;2;3;2497;57088 Monticello Rd;Yucca Valley;92284;Capitis Real Estate;False;False;House for sale;False
137;https://www.zillow.com/homedetails/8487-Deer-Trl-Yucca-Valley-CA-92284/69004325_zpid/;507418.0;519500;2911.0;2;3;1859;8487 Deer Trl;Yucca Valley;92284;Keller Williams Realty;False;True;House for sale;False
138;https://www.zillow.com/homedetails/56245-Cobalt-Rd-Yucca-Valley-CA-92284/82908310_zpid/;1073153.0;1149800;4570.0;3;3;2899;56245 Cobalt Rd;Yucca Valley;92284;GREEN Real Estate Group;False;False;House for sale;False
139;https://www.zillow.com/homedetails/56609-Carlyle-Dr-Yucca-Valley-CA-92284/17489561_zpid/;374900.0;375000;2250.0;2;3;1420;56609 Carlyle Dr;Yucca Valley;92284;Inspire Real Estate;False;False;House for sale;False
140;https://www.zillow.com/homedetails/57915-Joshua-Ln-Yucca-Valley-CA-92284/137790535_zpid/;390308.0;394900;2956.0;2;3;2040;57915 Joshua Ln;Yucca Valley;92284;BHG Desert Lifestyle Properties;False;True;House for sale;False
141;https://www.zillow.com/homedetails/8741-Frontera-Ave-Yucca-Valley-CA-92284/17494281_zpid/;425800.0;434000;2300.0;2;3;1652;8741 Frontera Ave;Yucca Valley;92284;The Glen Realty;False;False;House for sale;False
142;https://www.zillow.com/homedetails/57131-Juarez-Dr-Yucca-Valley-CA-92284/69004344_zpid/;386589.0;394999;2214.0;2;3;1463;57131 Juarez Dr;Yucca Valley;92284;Coldwell Banker Roadrunner;False;False;House for sale;False
143;https://www.zillow.com/homedetails/56839-Bonanza-Dr-Yucca-Valley-CA-92284/17489512_zpid/;374800.0;545000;4217.0;5;5;2877;56839 Bonanza Dr;Yucca Valley;92284;BHG Desert Lifestyle Properties;False;False;House for sale;True
144;https://www.zillow.com/homedetails/7731-Arrowhead-Dr-Yucca-Valley-CA-92284/17491351_zpid/;1076582.0;1100000;3410.0;2;3;2076;7731 Arrowhead Dr;Yucca Valley;92284;eXp Realty of California Inc.;False;False;House for sale;True
145;https://www.zillow.com/homedetails/7747-Hopi-Trl-Yucca-Valley-CA-92284/17490649_zpid/;314400.0;315000;2184.0;2;3;1252;7747 Hopi Trl;Yucca Valley;92284;RE/MAX TIME REALTY;False;False;House for sale;False
146;https://www.zillow.com/homedetails/57288-Farrelo-Rd-Yucca-Valley-CA-92284/69004727_zpid/;682741.0;699999;3034.0;3;4;1851;57288 Farrelo Rd;Yucca Valley;92284;Power Real Estate;False;False;House for sale;False
147;https://www.zillow.com/homedetails/57387-Aviation-Dr-Yucca-Valley-CA-92284/17496177_zpid/;346401.0;349900;1849.0;2;3;1189;57387 Aviation Dr;Yucca Valley;92284;Coldwell Banker Roadrunner;False;False;House for sale;False
148;https://www.zillow.com/homedetails/57801-Saratoga-St-Yucca-Valley-CA-92284/64544595_zpid/;349900.0;349900;2528.0;2;3;1400;57801 Saratoga St;Yucca Valley;92284;The Glen Realty;False;False;House for sale;False
149;https://www.zillow.com/homedetails/7513-Warren-Vista-Ave-Yucca-Valley-CA-92284/17492784_zpid/;343800.0;349900;1999.0;2;3;1209;7513 Warren Vista Ave;Yucca Valley;92284;Cherie Miller & Assoc.;False;False;House for sale;False
150;https://www.zillow.com/homedetails/54889-Navajo-Trl-Yucca-Valley-CA-92284/17490332_zpid/;590500.0;525000;4076.0;3;3;2465;54889 Navajo Trl;Yucca Valley;92284;William Kennedy And Associates;False;False;House for sale;False
151;https://www.zillow.com/homedetails/57468-Sierra-Way-Yucca-Valley-CA-92284/17496214_zpid/;381099.0;399000;2703.0;3;3;1496;57468 Sierra Way;Yucca Valley;92284;Sharon Rose Realty, Inc.;False;False;House for sale;False
152;https://www.zillow.com/homedetails/57093-Montecello-Ct-Yucca-Valley-CA-92284/17496829_zpid/;724949.0;735000;3340.0;2;3;1863;57093 Montecello Ct;Yucca Valley;92284;Desert Sotheby's International Realty;False;False;House for sale;False
153;https://www.zillow.com/homedetails/7671-Emerson-Ave-Yucca-Valley-CA-92284/17493641_zpid/;397340.0;415000;2264.0;2;3;1596;7671 Emerson Ave;Yucca Valley;92284;Coldwell Banker Roadrunner;False;False;House for sale;False
154;https://www.zillow.com/homedetails/57347-San-Juan-Rd-Yucca-Valley-CA-92284/2061452033_zpid/;;449000;;3;3;1977;57347 San Juan Rd;Yucca Valley;92284;Realty 1;True;False;House for sale;False
155;https://www.zillow.com/homedetails/4575-Avalon-Ave-Yucca-Valley-CA-92284/333863380_zpid/;429000.0;429000;2929.0;2;3;1538;4575 Avalon Ave;Yucca Valley;92284;KELLER WILLIAMS BBLA;False;False;New construction;False
156;https://www.zillow.com/homedetails/9588-Black-Rock-Canyon-Rd-Yucca-Valley-CA-92284/17494595_zpid/;1035185.0;1075000;4434.0;2;4;2427;9588 Black Rock Canyon Rd;Yucca Valley;92284;Homesmart Professionals;False;False;House for sale;False
157;https://www.zillow.com/homedetails/58318-Canterbury-St-Yucca-Valley-CA-92284/333863416_zpid/;413815.0;424900;2985.0;2;3;1538;58318 Canterbury St;Yucca Valley;92284;Coldwell Banker Roadrunner;False;False;New construction;False
158;https://www.zillow.com/homedetails/58235-Sun-Via-Dr-Yucca-Valley-CA-92284/17497557_zpid/;701176.0;649000;2734.0;2;3;1492;58235 Sun Via Dr;Yucca Valley;92284;Malbec Realty;False;False;House for sale;False
159;https://www.zillow.com/homedetails/7483-Goleta-Ave-Yucca-Valley-CA-92284/243180127_zpid/;399100.0;399900;2459.0;2;3;1449;7483 Goleta Ave;Yucca Valley;92284;Coldwell Banker Roadrunner;False;False;House for sale;False
160;https://www.zillow.com/homedetails/55084-Cheechaco-Trl-Yucca-Valley-CA-92284/17490353_zpid/;599000.0;599000;2926.0;2;3;1777;55084 Cheechaco Trl;Yucca Valley;92284;The Glen Realty;False;False;House for sale;False
161;https://www.zillow.com/homedetails/7410-Joshua-Ln-Yucca-Valley-CA-92284/64871696_zpid/;369215.0;380000;2300.0;2;4;1534;7410 Joshua Ln;Yucca Valley;92284;Century 21 Realty Masters;False;False;House for sale;False
162;https://www.zillow.com/homedetails/58773-Campero-Dr-Yucca-Valley-CA-92284/17498116_zpid/;483683.0;499000;2270.0;2;3;1338;58773 Campero Dr;Yucca Valley;92284;Compass;True;True;House for sale;False
163;https://www.zillow.com/homedetails/58148-Sierra-Vista-Dr-Yucca-Valley-CA-92284/72653712_zpid/;446073.0;469999;2699.0;2;3;1520;58148 Sierra Vista Dr;Yucca Valley;92284;KELLER WILLIAMS REALTY;False;False;House for sale;False
164;https://www.zillow.com/homedetails/4921-El-Dorado-Ave-Yucca-Valley-CA-92284/2061829079_zpid/;;439999;;2;4;1844;4921 El Dorado Ave;Yucca Valley;92284;Century 21 LOTUS;False;False;House for sale;False
165;https://www.zillow.com/homedetails/56445-El-Dorado-Ave-Yucca-Valley-CA-92284/17489816_zpid/;333434.0;349900;2028.0;2;3;1250;56445 El Dorado Ave;Yucca Valley;92284;Coldwell Banker Roadrunner;False;False;House for sale;False
166;https://www.zillow.com/homedetails/54799-Navajo-Trl-Yucca-Valley-CA-92284/82912884_zpid/;520300.0;599900;3469.0;3;4;2337;54799 Navajo Trl;Yucca Valley;92284;Realty Professionals of the Morongo Basin;False;False;House for sale;False
167;https://www.zillow.com/homedetails/3484-El-Dorado-Rd-Yucca-Valley-CA-92284/17497704_zpid/;379503.0;395000;3384.0;2;3;2292;3484 El Dorado Rd;Yucca Valley;92284;Sharon Rose Realty, Inc.;False;False;House for sale;False
168;https://www.zillow.com/homedetails/58971-Carmelita-Cir-Yucca-Valley-CA-92284/64622830_zpid/;893400.0;1100000;4711.0;3;4;2780;58971 Carmelita Cir;Yucca Valley;92284;Joshua Tree Modern;False;False;House for sale;False
169;https://www.zillow.com/homedetails/54005-Pinon-Dr-Yucca-Valley-CA-92284/17489753_zpid/;898999.0;950000;4535.0;4;3;3030;54005 Pinon Dr;Yucca Valley;92284;Corey Jenson, Broker;False;False;House for sale;False
170;https://www.zillow.com/homedetails/59115-Mesa-Dr-Yucca-Valley-CA-92284/17497865_zpid/;586340.0;599000;3593.0;4;4;2351;59115 Mesa Dr;Yucca Valley;92284;Quality Real Estate Corp.;True;False;House for sale;False
171;https://www.zillow.com/homedetails/8508-Juarez-Ct-Yucca-Valley-CA-92284/64562799_zpid/;457419.0;469000;2710.0;2;4;2027;8508 Juarez Ct;Yucca Valley;92284;BHG Desert Lifestyle Properties;False;False;House for sale;False
172;https://www.zillow.com/homedetails/9059-Balsa-Ave-Yucca-Valley-CA-92284/89166050_zpid/;815902.0;839900;4711.0;3;4;2908;9059 Balsa Ave;Yucca Valley;92284;Corey Jenson, Broker;False;False;House for sale;False
173;https://www.zillow.com/homedetails/58146-Spring-Dr-Yucca-Valley-CA-92284/2067554538_zpid/;;365000;2400.0;2;3;1375;58146 Spring Dr;Yucca Valley;92284;CALIFORNIA REALTY SOLUTIONS;False;False;House for sale;False
174;https://www.zillow.com/homedetails/58711-Sunny-Sands-Dr-Yucca-Valley-CA-92284/17497730_zpid/;279500.0;289000;1925.0;2;3;1129;58711 Sunny Sands Dr;Yucca Valley;92284;Berkshire Hathaway H.S.C.P.;False;False;House for sale;False
175;https://www.zillow.com/homedetails/58424-Desert-Gold-Dr-Yucca-Valley-CA-92284/17493546_zpid/;361507.0;379900;2899.0;3;4;1640;58424 Desert Gold Dr;Yucca Valley;92284;Coldwell Banker Roadrunner;False;False;House for sale;False
176;https://www.zillow.com/homedetails/6339-Goleta-Ave-Yucca-Valley-CA-92284/72653734_zpid/;324006.0;335000;2305.0;2;3;1360;6339 Goleta Ave;Yucca Valley;92284;Coldwell Banker Home Source;False;False;House for sale;False
177;https://www.zillow.com/homedetails/58345-Bonanza-Dr-Yucca-Valley-CA-92284/17493568_zpid/;478884.0;499950;3204.0;3;4;2363;58345 Bonanza Dr;Yucca Valley;92284;Tri-Valley Realty;False;False;House for sale;True
178;https://www.zillow.com/homedetails/58720-Cortez-Dr-A-Yucca-Valley-CA-92284/2062306946_zpid/;;999999;;3;3;2471;58720 Cortez Dr #A;Yucca Valley;92284;The Glen Realty;False;False;House for sale;False
179;https://www.zillow.com/homedetails/59168-Forrest-Dr-Yucca-Valley-CA-92284/17497403_zpid/;475158.0;499900;4500.0;3;5;3060;59168 Forrest Dr;Yucca Valley;92284;The Glen Realty;False;False;House for sale;False
180;https://www.zillow.com/homedetails/58314-Navajo-Trl-Yucca-Valley-CA-92284/17494481_zpid/;531817.0;548500;2051.0;2;3;1348;58314 Navajo Trl;Yucca Valley;92284;Power Real Estate;False;False;House for sale;False
181;https://www.zillow.com/homedetails/8099-Palomar-Ave-Yucca-Valley-CA-92284/17492803_zpid/;;629900;5000.0;4;5;3968;8099 Palomar Ave;Yucca Valley;92284;Coldwell Banker Roadrunner;False;False;House for sale;False
182;https://www.zillow.com/homedetails/57839-Terbush-Ave-Yucca-Valley-CA-92284/2070025884_zpid/;;995000;;3;3;2506;57839 Terbush Ave;Yucca Valley;92284;Keller Williams Beverly Hills;False;False;House for sale;False
183;https://www.zillow.com/homedetails/56655-Taos-Trl-Yucca-Valley-CA-92284/17492369_zpid/;570228.0;587000;4500.0;3;3;3120;56655 Taos Trl;Yucca Valley;92284;Cherie Miller & Assoc.;False;False;House for sale;False
184;https://www.zillow.com/homedetails/7499-Bonita-Trl-Yucca-Valley-CA-92284/17492739_zpid/;364300.0;369000;2199.0;2;3;1250;7499 Bonita Trl;Yucca Valley;92284;Joshua Tree Realty;False;False;House for sale;False
185;https://www.zillow.com/homedetails/57055-Antelope-Trl-Yucca-Valley-CA-92284/17496330_zpid/;283900.0;283900;2395.0;2;3;1480;57055 Antelope Trl;Yucca Valley;92284;Keller Williams Realty-Studio City;False;False;House for sale;False
186;https://www.zillow.com/homedetails/7812-Condalia-Ave-Yucca-Valley-CA-92284/2064083581_zpid/;;1900000;;4;4;4500;7812 Condalia Ave;Yucca Valley;92284;Keller Williams Realty;False;False;House for sale;False
187;https://www.zillow.com/homedetails/3832-Avalon-Ave-Yucca-Valley-CA-92284/17497971_zpid/;296900.0;295600;1728.0;2;3;1108;3832 Avalon Ave;Yucca Valley;92284;Keller Williams Realty-Studio City;False;False;House for sale;False
188;https://www.zillow.com/homedetails/58713-Sun-Via-Dr-Yucca-Valley-CA-92284/72653709_zpid/;439482.0;450000;2999.0;2;4;1677;58713 Sun Via Dr;Yucca Valley;92284;Berkshire Hathaway H.S.C.P.;False;False;House for sale;False
189;https://www.zillow.com/homedetails/5253-Puente-Ct-Yucca-Valley-CA-92284/17496458_zpid/;;2995000;11879.0;3;4;2588;5253 Puente Ct;Yucca Valley;92284;Building Joshua Tree Real Estate;False;False;House for sale;False
190;https://www.zillow.com/homedetails/316-Maple-Ridge-Dr-Big-Bear-City-CA-92314/122900351_zpid/;614000.0;670000;3750.0;3;3;2122;316 Maple Ridge Dr;Big Bear City;92314;Compass;False;False;House for sale;No data available
191;https://www.zillow.com/homedetails/1113-Michael-Ave-Big-Bear-City-CA-92314/137657040_zpid/;533300.0;649000;2999.0;3;4;1975;1113 Michael Ave;Big Bear City;92314;Active Realty;False;False;House for sale;No data available
192;https://www.zillow.com/homedetails/919-Robinhood-Blvd-Big-Bear-City-CA-92314/17388208_zpid/;470600.0;539000;2300.0;2;3;1185;919 Robinhood Blvd;Big Bear City;92314;Compass;False;False;House for sale;No data available
193;https://www.zillow.com/homedetails/824-Raleigh-Dr-Big-Bear-City-CA-92314/17389765_zpid/;632272.0;650000;2990.0;2;3;1686;824 Raleigh Dr;Big Bear City;92314;KELLER WILLIAMS BBLA;False;False;House for sale;No data available
194;https://www.zillow.com/homedetails/1000-Willow-Ln-Big-Bear-City-CA-92314/17394635_zpid/;575001.0;575000;2996.0;2;3;1850;1000 Willow Ln;Big Bear City;92314;Century 21 Peak;False;False;House for sale;No data available
195;https://www.zillow.com/homedetails/913-Mount-Doble-Dr-Big-Bear-City-CA-92314/17391930_zpid/;;479900;2808.0;2;3;1456;913 Mount Doble Dr;Big Bear City;92314;Re/Max Area Experts;False;False;House for sale;No data available
196;https://www.zillow.com/homedetails/281-Pine-Ln-Big-Bear-City-CA-92314/64438463_zpid/;525000.0;525000;3499.0;3;3;1954;281 Pine Ln;Big Bear City;92314;Century 21 Wright;False;False;House for sale;No data available
197;https://www.zillow.com/homedetails/701-Villa-Grove-Ave-Big-Bear-City-CA-92314/17621283_zpid/;599000.0;599000;2999.0;2;4;1443;701 Villa Grove Ave;Big Bear City;92314;Re/Max Big Bear;False;False;House for sale;No data available
198;https://www.zillow.com/homedetails/352-Lookout-Dr-Big-Bear-City-CA-92314/17389488_zpid/;1070564.0;1125000;4805.0;5;4;3752;352 Lookout Dr;Big Bear City;92314;eXp Realty of California, Inc.;False;False;House for sale;No data available
199;https://www.zillow.com/homedetails/1526-Monte-Vista-Dr-Big-Bear-City-CA-92314/17392597_zpid/;418057.0;419000;2728.0;2;3;1428;1526 Monte Vista Dr;Big Bear City;92314;KELLER WILLIAMS BBLA;False;False;House for sale;No data available
200;https://www.zillow.com/homedetails/1281-Minton-Dr-Big-Bear-City-CA-92314/17621310_zpid/;498800.0;499000;2600.0;2;3;1128;1281 Minton Dr;Big Bear City;92314;No data available;False;False;House for sale;No data available
201;https://www.zillow.com/homedetails/1635-Shenandoah-Way-Big-Bear-City-CA-92314/2061680040_zpid/;1436140.0;1535000;;4;3;2936;1635 Shenandoah Way;Big Bear City;92314;ALL STAR REALTY;False;False;New construction;No data available
202;https://www.zillow.com/homedetails/1130-Rocky-Mountain-Rd-Big-Bear-City-CA-92314/2069762567_zpid/;939300.0;965000;;2;3;2425;1130 Rocky Mountain Rd;Big Bear City;92314;KELLER WILLIAMS BBLA;False;False;New construction;No data available
203;https://www.zillow.com/homedetails/277-Greenspot-Blvd-Big-Bear-City-CA-92314/2070206905_zpid/;498900.0;499000;2699.0;3;3;1344;277 Greenspot Blvd;Big Bear City;92314;COLDWELL BANKER SKY RIDGE RLTY;False;False;House for sale;No data available
204;https://www.zillow.com/homedetails/305-Lookout-Dr-Big-Bear-City-CA-92314/137654762_zpid/;876523.0;900000;4500.0;2;3;2758;305 Lookout Dr;Big Bear City;92314;No data available;False;False;House for sale;No data available
205;https://www.zillow.com/homedetails/329-E-Sherwood-Blvd-Big-Bear-City-CA-92314/82915889_zpid/;490500.0;630000;2999.0;2;3;1689;329 E Sherwood Blvd;Big Bear City;92314;Rodeo Realty;False;False;House for sale;No data available
206;https://www.zillow.com/homedetails/369-Greenspot-Blvd-Big-Bear-City-CA-92314/2070007559_zpid/;464900.0;380000;;2;3;1322;369 Greenspot Blvd;Big Bear City;92314;Harcourts Prime Properties;False;False;Auction;No data available
207;https://www.zillow.com/homedetails/1009-Heritage-Trl-Big-Bear-City-CA-92314/64824461_zpid/;963217.0;1010000;4113.0;2;4;2334;1009 Heritage Trl;Big Bear City;92314;RE/MAX Big Bear;False;False;House for sale;No data available
208;https://www.zillow.com/homedetails/1194-Alameda-Ct-Big-Bear-City-CA-92314/2067030377_zpid/;;1100000;;3;4;2421;1194 Alameda Ct;Big Bear City;92314;KELLER WILLIAMS BBLA;False;False;New construction;No data available
209;https://www.zillow.com/homedetails/1658-Tuolumne-Rd-Big-Bear-City-CA-92314/2070298628_zpid/;1799652.0;1900000;1950.0;6;5;4400;1658 Tuolumne Rd;Big Bear City;92314;KELLER WILLIAMS BBLA;False;False;New construction;No data available
210;https://www.zillow.com/homedetails/1242-Panorama-Dr-Big-Bear-City-CA-92314/243182413_zpid/;637891.0;655000;3696.0;3;3;2111;1242 Panorama Dr;Big Bear City;92314;Re/Max Area Experts;False;False;House for sale;No data available
211;https://www.zillow.com/homedetails/46125-Vale-Dr-Big-Bear-City-CA-92314/17392574_zpid/;851800.0;950000;3658.0;3;5;3108;46125 Vale Dr;Big Bear City;92314;Tiempo Realty;False;False;House for sale;No data available
212;https://www.zillow.com/homedetails/764-Panamint-Mountain-Dr-Big-Bear-City-CA-92314/17392281_zpid/;537945.0;549900;2999.0;3;4;1636;764 Panamint Mountain Dr;Big Bear City;92314;Keller Williams Realty;False;False;House for sale;No data available
213;https://www.zillow.com/homedetails/1048-Hemlock-Ln-Big-Bear-City-CA-92314/17394591_zpid/;634900.0;649000;3127.0;3;4;1974;1048 Hemlock Ln;Big Bear City;92314;Bruin Trojan Realtors, Inc.;False;False;House for sale;No data available
214;https://www.zillow.com/homedetails/1842-Baldwin-Lake-Rd-Big-Bear-City-CA-92314/82894140_zpid/;493900.0;495000;3069.0;3;3;1807;1842 Baldwin Lake Rd;Big Bear City;92314;Compass;False;False;House for sale;No data available
215;https://www.zillow.com/homedetails/1185-Mitchell-Ln-Big-Bear-City-CA-92314/17393999_zpid/;936576.0;960000;4800.0;3;4;3415;1185 Mitchell Ln;Big Bear City;92314;eXp Realty of California Inc.;False;False;House for sale;No data available
216;https://www.zillow.com/homedetails/666-Butte-Ave-Big-Bear-City-CA-92314/17621329_zpid/;804600.0;824888;3073.0;3;4;2012;666 Butte Ave;Big Bear City;92314;No data available;True;False;House for sale;No data available
217;https://www.zillow.com/homedetails/1526-Malabar-Way-Big-Bear-City-CA-92314/17393456_zpid/;376000.0;409000;2228.0;1;3;1188;1526 Malabar Way;Big Bear City;92314;Re/Max Big Bear;False;False;House for sale;No data available
218;https://www.zillow.com/homedetails/929-Myrtle-Ave-Big-Bear-City-CA-92314/17391386_zpid/;684700.0;697000;3421.0;3;4;1945;929 Myrtle Ave;Big Bear City;92314;William Johnson, Broker;False;False;House for sale;No data available
219;https://www.zillow.com/homedetails/2149-1st-Ln-Big-Bear-City-CA-92314/17394147_zpid/;289000.0;289000;2028.0;2;3;903;2149 1st Ln;Big Bear City;92314;Re/Max Big Bear;False;False;House for sale;No data available
220;https://www.zillow.com/homedetails/1416-Klamath-Rd-Big-Bear-City-CA-92314/17387597_zpid/;677600.0;699900;2999.0;2;3;1600;1416 Klamath Rd;Big Bear City;92314;KELLER WILLIAMS BBLA;False;False;House for sale;No data available
221;https://www.zillow.com/homedetails/46647-Arastre-Rd-Big-Bear-City-CA-92314/17392716_zpid/;1171624.0;1275000;4886.0;4;4;4575;46647 Arastre Rd;Big Bear City;92314;JOHN COTOI BROKER;False;False;House for sale;No data available
222;https://www.zillow.com/homedetails/1020-Whispering-Forest-Dr-Big-Bear-City-CA-92314/17392307_zpid/;770873.0;794000;3406.0;3;3;1973;1020 Whispering Forest Dr;Big Bear City;92314;KASE Real Estate;False;False;House for sale;No data available
223;https://www.zillow.com/homedetails/46895-Estacia-Rd-Big-Bear-City-CA-92314/69002204_zpid/;815376.0;849900;4500.0;3;3;2698;46895 Estacia Rd;Big Bear City;92314;KELLER WILLIAMS BBLA;False;False;House for sale;No data available
224;https://www.zillow.com/homedetails/1125-W-Big-Bear-Blvd-Big-Bear-City-CA-92314/17387862_zpid/;933153.0;949000;4320.0;4;4;2062;1125 W Big Bear Blvd;Big Bear City;92314;KELLER WILLIAMS BBLA;False;False;House for sale;No data available
225;https://www.zillow.com/homedetails/1027-Heritage-Trl-Big-Bear-City-CA-92314/64598627_zpid/;1804200.0;2289000;7545.0;10;6;6534;1027 Heritage Trl;Big Bear City;92314;No data available;False;False;House for sale;No data available
226;https://www.zillow.com/homedetails/109-Palomino-Dr-Big-Bear-City-CA-92314/17393567_zpid/;1166674.0;1250000;4187.0;4;4;3894;109 Palomino Dr;Big Bear City;92314;KELLER WILLIAMS BBLA;False;False;House for sale;No data available
227;https://www.zillow.com/homedetails/1331-La-Crescenta-Dr-Big-Bear-City-CA-92314/17621494_zpid/;631276.0;645000;2999.0;3;3;1829;1331 La Crescenta Dr;Big Bear City;92314;Keller Williams Big Bear Lake Arrowhead;False;False;House for sale;No data available
228;https://www.zillow.com/homedetails/160-Yosemite-Dr-Big-Bear-City-CA-92314/17387532_zpid/;1044000.0;1100000;4411.0;3;4;3478;160 Yosemite Dr;Big Bear City;92314;Compass;True;False;House for sale;No data available
229;https://www.zillow.com/homedetails/449-E-Barker-Blvd-Big-Bear-City-CA-92314/17390686_zpid/;531951.0;550000;2350.0;2;3;1214;449 E Barker Blvd;Big Bear City;92314;Compass;False;False;House for sale;No data available
230;https://www.zillow.com/homedetails/1037-Van-Dusen-Canyon-Rd-Big-Bear-City-CA-92314/2061908495_zpid/;;599000;;2;3;1800;1037 Van Dusen Canyon Rd;Big Bear City;92314;RE/MAX Big Bear;False;False;House for sale;No data available
231;https://www.zillow.com/homedetails/42539-Bear-Loop-Big-Bear-City-CA-92314/79558834_zpid/;1132327.0;1226688;5114.0;5;5;3626;42539 Bear Loop;Big Bear City;92314;KELLER WILLIAMS BBLA;False;False;House for sale;No data available
232;https://www.zillow.com/homedetails/1112-Cedar-Mountain-Rd-Big-Bear-City-CA-92314/17392424_zpid/;711600.0;725000;3349.0;3;4;2830;1112 Cedar Mountain Rd;Big Bear City;92314;Compass;False;False;House for sale;No data available
233;https://www.zillow.com/homedetails/1033-Heritage-Trl-Big-Bear-City-CA-92314/69006490_zpid/;1771560.0;1950000;7723.0;5;5;4188;1033 Heritage Trl;Big Bear City;92314;Re/Max Area Experts;False;False;House for sale;No data available
234;https://www.zillow.com/homedetails/2047-7th-Ln-Big-Bear-City-CA-92314/2061678562_zpid/;323300.0;349000;;1;3;840;2047 7th Ln;Big Bear City;92314;No data available;False;False;House for sale;No data available
235;https://www.zillow.com/homedetails/2111-7th-Ln-Big-Bear-City-CA-92314/17394001_zpid/;768356.0;799000;3196.0;2;3;2304;2111 7th Ln;Big Bear City;92314;Beverly and Company, Inc.;False;False;House for sale;No data available
236;https://www.zillow.com/homedetails/1690-Cascade-Rd-Big-Bear-City-CA-92314/82920053_zpid/;1081411.0;1149000;4641.0;4;3;2803;1690 Cascade Rd;Big Bear City;92314;Wheeler Steffen Sotheby's Int.;False;False;House for sale;No data available
237;https://www.zillow.com/homedetails/46242-Curvate-Dr-Big-Bear-City-CA-92314/79561031_zpid/;711219.0;729000;3634.0;3;4;2768;46242 Curvate Dr;Big Bear City;92314;Oasis Realty Group Inc.;False;False;House for sale;No data available
238;https://www.zillow.com/homedetails/1150-Valley-View-Dr-Big-Bear-City-CA-92314/125111189_zpid/;624781.0;634000;3399.0;2;3;2264;1150 Valley View Dr;Big Bear City;92314;STRATEGY REALTY;False;False;House for sale;No data available
239;https://www.zillow.com/homedetails/350-Brewer-Way-Big-Bear-City-CA-92314/17393450_zpid/;640491.0;659900;3858.0;3;5;2208;350 Brewer Way;Big Bear City;92314;VIP Real Estate Firm;False;False;House for sale;No data available
240;https://www.zillow.com/homedetails/1640-Shenandoah-Way-Big-Bear-City-CA-92314/2062551397_zpid/;1918200.0;2099999;9797.0;5;6;4668;1640 Shenandoah Way;Big Bear City;92314;RE/MAX BIG BEAR;False;False;New construction;No data available
241;https://www.zillow.com/homedetails/236-Greenspot-Blvd-Big-Bear-City-CA-92314/2070275109_zpid/;;549900;;2;3;1440;236 Greenspot Blvd;Big Bear City;92314;KELLER WILLIAMS SIGNATURE RLTY;False;False;House for sale;No data available
242;https://www.zillow.com/homedetails/998-Feather-Mountain-Dr-Big-Bear-City-CA-92314/17392260_zpid/;991400.0;1050000;4214.0;6;8;6200;998 Feather Mountain Dr;Big Bear City;92314;Re/Max Area Experts;False;False;House for sale;No data available
243;https://www.zillow.com/homedetails/433-Eton-Ln-Big-Bear-City-CA-92314/17389801_zpid/;724838.0;749000;3298.0;3;3;1716;433 Eton Ln;Big Bear City;92314;First Team Real Estate;False;False;House for sale;No data available
244;https://www.zillow.com/homedetails/400-San-Martin-St-Big-Bear-City-CA-92314/17393613_zpid/;445500.0;449500;2484.0;2;3;1326;400 San Martin St;Big Bear City;92314;No data available;False;False;House for sale;No data available
245;https://www.zillow.com/homedetails/912-Bear-Mountain-Rd-Big-Bear-City-CA-92314/17392341_zpid/;535400.0;624900;2778.0;2;3;1420;912 Bear Mountain Rd;Big Bear City;92314;No data available;False;False;House for sale;No data available
246;https://www.zillow.com/homedetails/512-Bernhardt-Ln-Big-Bear-City-CA-92314/2078835915_zpid/;634900.0;699900;3206.0;2;3;1832;512 Bernhardt Ln;Big Bear City;92314;No data available;False;False;New construction;No data available
247;https://www.zillow.com/homedetails/43032-Sunset-Dr-Big-Bear-Lake-CA-92315/17620716_zpid/;577500.0;599000;2999.0;3;4;1651;43032 Sunset Dr;Big Bear Lake;92315;Re/Max Big Bear;False;False;House for sale;No data available
248;https://www.zillow.com/homedetails/745-Eureka-Dr-Big-Bear-Lake-CA-92315/17385607_zpid/;472362.0;475000;1952.0;2;3;876;745 Eureka Dr;Big Bear Lake;92315;Re/Max Big Bear;False;False;House for sale;No data available
249;https://www.zillow.com/homedetails/42998-Monterey-St-Big-Bear-Lake-CA-92315/17620641_zpid/;494232.0;499000;2329.0;2;3;1174;42998 Monterey St;Big Bear Lake;92315;PONCE & PONCE REALTY;False;False;House for sale;No data available
250;https://www.zillow.com/homedetails/986-Cameron-Dr-Big-Bear-Lake-CA-92315/17384891_zpid/;685294.0;699000;2961.0;3;4;1706;986 Cameron Dr;Big Bear Lake;92315;Re/Max Big Bear;False;False;House for sale;No data available
251;https://www.zillow.com/homedetails/42876-Encino-Rd-Big-Bear-Lake-CA-92315/17620242_zpid/;860281.0;899900;3437.0;3;5;2400;42876 Encino Rd;Big Bear Lake;92315;Re/Max Big Bear;False;False;House for sale;No data available
252;https://www.zillow.com/homedetails/422-Quail-Dr-Big-Bear-Lake-CA-92315/246340143_zpid/;703900.0;769900;2828.0;2;3;1504;422 Quail Dr;Big Bear Lake;92315;Re/Max Big Bear;False;False;House for sale;No data available
253;https://www.zillow.com/homedetails/615-Thrush-Dr-Big-Bear-Lake-CA-92315/17618321_zpid/;873400.0;950000;4146.0;4;4;2436;615 Thrush Dr;Big Bear Lake;92315;Keller Williams Big Bear Lake Arrowhead;False;False;House for sale;No data available
254;https://www.zillow.com/homedetails/40238-Bonita-Ln-Big-Bear-Lake-CA-92315/69002037_zpid/;1300781.0;1350000;5484.0;3;4;2770;40238 Bonita Ln;Big Bear Lake;92315;KELLER WILLIAMS BBLA;False;False;House for sale;No data available
255;https://www.zillow.com/homedetails/107-Round-Dr-Big-Bear-Lake-CA-92315/17383145_zpid/;769000.0;794900;2463.0;2;3;1288;107 Round Dr;Big Bear Lake;92315;Vacasa Real Estate Corp.;False;False;House for sale;No data available
256;https://www.zillow.com/homedetails/409-Glenwood-Dr-Big-Bear-Lake-CA-92315/333863109_zpid/;1507085.0;1649900;7730.0;4;5;3227;409 Glenwood Dr;Big Bear Lake;92315;Re/Max Big Bear;False;False;New construction;No data available
257;https://www.zillow.com/homedetails/405-Glenwood-Dr-Big-Bear-Lake-CA-92315/337970368_zpid/;1619720.0;1799900;7843.0;6;5;4084;405 Glenwood Dr;Big Bear Lake;92315;Re/Max Big Bear;False;False;New construction;No data available
258;https://www.zillow.com/homedetails/791-Knight-Ave-Big-Bear-Lake-CA-92315/137650867_zpid/;779390.0;799900;2999.0;2;3;1600;791 Knight Ave;Big Bear Lake;92315;Re/Max Big Bear;False;False;New construction;No data available
259;https://www.zillow.com/homedetails/43589-Yosemite-Dr-Big-Bear-Lake-CA-92315/17387241_zpid/;888355.0;899900;3349.0;0;4;2344;43589 Yosemite Dr;Big Bear Lake;92315;KELLER WILLIAMS BBLA;False;False;House for sale;No data available
260;https://www.zillow.com/homedetails/39934-Forest-Dr-Big-Bear-Lake-CA-92315/17383417_zpid/;568270.0;574900;2095.0;1;3;1008;39934 Forest Dr;Big Bear Lake;92315;CAPITAL REAL ESTATE & INV;False;False;House for sale;No data available
261;https://www.zillow.com/homedetails/43442-Bow-Canyon-Rd-Big-Bear-Lake-CA-92315/17387139_zpid/;793931.0;825000;2999.0;2;3;1588;43442 Bow Canyon Rd;Big Bear Lake;92315;No data available;False;False;House for sale;No data available
262;https://www.zillow.com/homedetails/145-Finch-Dr-Big-Bear-Lake-CA-92315/17385949_zpid/;765700.0;749000;2499.0;2;3;1326;145 Finch Dr;Big Bear Lake;92315;The Agency;False;False;House for sale;No data available
263;https://www.zillow.com/homedetails/159-Oriole-Dr-Big-Bear-Lake-CA-92315/17385851_zpid/;772384.0;779000;3069.0;3;3;1669;159 Oriole Dr;Big Bear Lake;92315;Re/Max Connections;True;False;House for sale;No data available
264;https://www.zillow.com/homedetails/1329-Buffalo-Ct-Big-Bear-Lake-CA-92315/17386902_zpid/;660154.0;665000;2400.0;2;3;1206;1329 Buffalo Ct;Big Bear Lake;92315;Quality Real Estate Corp.;False;False;House for sale;No data available
265;https://www.zillow.com/homedetails/39045-Big-Bear-Blvd-Big-Bear-Lake-CA-92315/249709567_zpid/;1142723.0;1179000;4725.0;4;3;2314;39045 Big Bear Blvd;Big Bear Lake;92315;Refined Realty;False;False;House for sale;No data available
266;https://www.zillow.com/homedetails/40588-Ironwood-Dr-Big-Bear-Lake-CA-92315/17384703_zpid/;1197900.0;1400000;5221.0;4;4;3517;40588 Ironwood Dr;Big Bear Lake;92315;No data available;False;False;House for sale;No data available
267;https://www.zillow.com/homedetails/42584-Falcon-Ave-Big-Bear-Lake-CA-92315/69005435_zpid/;623874.0;625000;2914.0;2;3;1540;42584 Falcon Ave;Big Bear Lake;92315;Compass;False;False;House for sale;No data available
268;https://www.zillow.com/homedetails/41952-Mapleleaf-Dr-Big-Bear-Lake-CA-92315/17618683_zpid/;694900.0;695000;2643.0;2;3;1376;41952 Mapleleaf Dr;Big Bear Lake;92315;Stillwater Real Estate;False;False;House for sale;No data available
269;https://www.zillow.com/homedetails/372-Quail-Dr-Big-Bear-Lake-CA-92315/17385190_zpid/;623904.0;625000;2095.0;2;3;1315;372 Quail Dr;Big Bear Lake;92315;Amer Jakher;False;False;House for sale;No data available
270;https://www.zillow.com/homedetails/370-Starlight-Cir-Big-Bear-Lake-CA-92315/137655481_zpid/;1651056.0;1749000;7725.0;4;4;3285;370 Starlight Cir;Big Bear Lake;92315;Re/Max Big Bear;False;False;New construction;No data available
271;https://www.zillow.com/homedetails/38609-Talbot-Dr-Big-Bear-Lake-CA-92315/17382125_zpid/;1344400.0;1400000;4751.0;4;3;2184;38609 Talbot Dr;Big Bear Lake;92315;Realty Masters & Associates;False;False;House for sale;No data available
272;https://www.zillow.com/homedetails/42625-Alta-Vista-Ave-Big-Bear-Lake-CA-92315/17619553_zpid/;612618.0;614000;2999.0;3;3;1700;42625 Alta Vista Ave;Big Bear Lake;92315;Compass;False;False;House for sale;No data available
273;https://www.zillow.com/homedetails/780-N-Star-Dr-Big-Bear-Lake-CA-92315/17618720_zpid/;2320000.0;2499000;6332.0;7;7;5365;780 N Star Dr;Big Bear Lake;92315;RE/MAX Big Bear;False;False;House for sale;No data available
274;https://www.zillow.com/homedetails/42756-Castlewood-Dr-Big-Bear-Lake-CA-92315/17390045_zpid/;1135474.0;1215000;5554.0;4;5;3664;42756 Castlewood Dr;Big Bear Lake;92315;RE/MAX ONE;False;False;House for sale;No data available
275;https://www.zillow.com/homedetails/40144-Hillcrest-Dr-Big-Bear-Lake-CA-92315/17383855_zpid/;604000.0;649000;2414.0;3;3;1356;40144 Hillcrest Dr;Big Bear Lake;92315;Keller Williams North Valley;False;False;House for sale;No data available
276;https://www.zillow.com/homedetails/591-Douglas-St-Big-Bear-Lake-CA-92315/64674588_zpid/;598400.0;599900;2499.0;2;3;1361;591 Douglas St;Big Bear Lake;92315;RE/MAX Big Bear;False;False;House for sale;No data available
277;https://www.zillow.com/homedetails/756-Manzanita-Ct-Big-Bear-Lake-CA-92315/17382229_zpid/;1327782.0;1399000;5486.0;3;3;3081;756 Manzanita Ct;Big Bear Lake;92315;KELLER WILLIAMS BBLA;False;True;House for sale;No data available
278;https://www.zillow.com/homedetails/732-Conklin-Rd-Big-Bear-Lake-CA-92315/17385683_zpid/;559190.0;565000;2499.0;2;3;1287;732 Conklin Rd;Big Bear Lake;92315;RE/MAX TIME REALTY;False;False;House for sale;No data available
279;https://www.zillow.com/homedetails/42620-Cedar-Ave-Big-Bear-Lake-CA-92315/59203341_zpid/;;699000;2590.0;2;3;1408;42620 Cedar Ave;Big Bear Lake;92315;Dwyer Real Estate & Development;False;False;House for sale;No data available
280;https://www.zillow.com/homedetails/43368-Ridge-Crest-Dr-Big-Bear-Lake-CA-92315/2060770379_zpid/;;730000;;3;5;2048;43368 Ridge Crest Dr;Big Bear Lake;92315;No data available;False;False;House for sale;No data available
281;https://www.zillow.com/homedetails/42401-Heavenly-Valley-Rd-Big-Bear-Lake-CA-92315/17619231_zpid/;979384.0;1029900;4772.0;3;3;3232;42401 Heavenly Valley Rd;Big Bear Lake;92315;RE/MAX Big Bear;False;False;House for sale;No data available
282;https://www.zillow.com/homedetails/38969-N-Bay-Dr-Big-Bear-Lake-CA-92315/2066544931_zpid/;2158173.0;2399000;;4;5;2764;38969 N Bay Dr;Big Bear Lake;92315;KELLER WILLIAMS BBLA;False;False;House for sale;No data available
283;https://www.zillow.com/homedetails/40128-Hillcrest-Dr-Big-Bear-Lake-CA-92315/17383873_zpid/;430391.0;438000;2327.0;1;3;1172;40128 Hillcrest Dr;Big Bear Lake;92315;RE/MAX OLYMPIC;False;False;House for sale;No data available
284;https://www.zillow.com/homedetails/1144-Sheephorn-Rd-Big-Bear-Lake-CA-92315/2064094293_zpid/;566000.0;525000;2329.0;2;3;1200;1144 Sheephorn Rd;Big Bear Lake;92315;No data available;False;False;House for sale;No data available
285;https://www.zillow.com/homedetails/791-Cove-Dr-Big-Bear-Lake-CA-92315/17382226_zpid/;4290900.0;4855356;20182.0;9;9;7236;791 Cove Dr;Big Bear Lake;92315;Choice Real Estate Brokers;False;False;House for sale;No data available
286;https://www.zillow.com/homedetails/465-Temple-Ln-Big-Bear-Lake-CA-92315/17384247_zpid/;;625000;3229.0;2;3;2039;465 Temple Ln;Big Bear Lake;92315;Corcoran Global Living;False;False;House for sale;No data available
287;https://www.zillow.com/homedetails/666-Butte-Ave-Big-Bear-Lake-CA-92315/2067823885_zpid/;806200.0;824888;3073.0;3;4;2012;666 Butte Ave;Big Bear Lake;92315;eXp Realty of California, Inc.;False;False;House for sale;No data available
288;https://www.zillow.com/homedetails/41984-Mapleleaf-Dr-Big-Bear-Lake-CA-92315/17618680_zpid/;861226.0;899000;3353.0;3;4;2156;41984 Mapleleaf Dr;Big Bear Lake;92315;Berkshire Hathaway H.S.C.P.;False;False;House for sale;No data available
289;https://www.zillow.com/homedetails/41599-Stonebridge-Rd-Big-Bear-Lake-CA-92315/17386197_zpid/;1284600.0;1400000;5900.0;4;4;3343;41599 Stonebridge Rd;Big Bear Lake;92315;Re/Max Area Experts;False;False;House for sale;No data available
290;https://www.zillow.com/homedetails/39363-Aurora-Rd-Big-Bear-Lake-CA-92315/17382622_zpid/;;4650000;16179.0;5;6;6750;39363 Aurora Rd;Big Bear Lake;92315;Re/Max Big Bear;False;False;House for sale;No data available
291;https://www.zillow.com/homedetails/185-Teakwood-Dr-Big-Bear-Lake-CA-92315/17390043_zpid/;1146000.0;1174900;5041.0;3;3;2005;185 Teakwood Dr;Big Bear Lake;92315;HomeSmart Evergreen Realty;True;False;House for sale;No data available
292;https://www.zillow.com/homedetails/934-Menlo-Dr-Big-Bear-Lake-CA-92315/17386541_zpid/;640435.0;649900;2999.0;2;3;1636;934 Menlo Dr;Big Bear Lake;92315;Kristine Garcia, Broker;False;False;House for sale;No data available
293;https://www.zillow.com/homedetails/805-Rayo-Ln-Big-Bear-Lake-CA-92315/17382248_zpid/;621739.0;639900;2314.0;2;3;1244;805 Rayo Ln;Big Bear Lake;92315;No data available;False;False;House for sale;No data available
294;https://www.zillow.com/homedetails/1224-Redwood-Dr-Big-Bear-Lake-CA-92315/17619987_zpid/;1021156.0;1074900;4095.0;4;4;2553;1224 Redwood Dr;Big Bear Lake;92315;PLF Real Estate Solutions;True;False;House for sale;No data available
295;https://www.zillow.com/homedetails/43396-Primrose-Dr-Big-Bear-Lake-CA-92315/17386876_zpid/;807338.0;824900;2999.0;3;3;1899;43396 Primrose Dr;Big Bear Lake;92315;KELLER WILLIAMS BBLA;False;False;House for sale;No data available
296;https://www.zillow.com/homedetails/42618-Peregrine-Ave-Big-Bear-Lake-CA-92315/17619686_zpid/;445206.0;449000;2157.0;1;3;680;42618 Peregrine Ave;Big Bear Lake;92315;VENTURE REAL ESTATE;False;False;House for sale;No data available
297;https://www.zillow.com/homedetails/484-Edgemoor-Rd-Big-Bear-Lake-CA-92315/17383534_zpid/;667200.0;795000;2999.0;2;3;2116;484 Edgemoor Rd;Big Bear Lake;92315;No data available;False;False;House for sale;No data available
298;https://www.zillow.com/homedetails/796-Cove-Dr-Big-Bear-Lake-CA-92315/17382237_zpid/;1115457.0;1195000;3989.0;2;3;1892;796 Cove Dr;Big Bear Lake;92315;RE/MAX Big Bear;False;False;House for sale;No data available
299;https://www.zillow.com/homedetails/43166-Sunset-Dr-Big-Bear-Lake-CA-92315/17621046_zpid/;567230.0;589000;2484.0;2;3;1334;43166 Sunset Dr;Big Bear Lake;92315;RE/MAX BIG BEAR;False;False;House for sale;No data available
300;https://www.zillow.com/homedetails/595-Killington-Way-Big-Bear-Lake-CA-92315/17618966_zpid/;1168700.0;1249000;4758.0;3;3;2888;595 Killington Way;Big Bear Lake;92315;BHG Desert Lifestyle Properties;False;True;House for sale;No data available
301;https://www.zillow.com/homedetails/42580-Willow-Ave-Big-Bear-Lake-CA-92315/137976992_zpid/;784948.0;799900;2813.0;3;4;1686;42580 Willow Ave;Big Bear Lake;92315;ALL STAR REALTY;False;False;New construction;No data available
302;https://www.zillow.com/homedetails/1179-Sheephorn-Rd-Big-Bear-Lake-CA-92315/2061303780_zpid/;;599900;;2;3;1140;1179 Sheephorn Rd;Big Bear Lake;92315;Re/Max Big Bear;False;False;House for sale;No data available
303;https://www.zillow.com/homedetails/518-Waynoka-Ln-Big-Bear-Lake-CA-92315/17384351_zpid/;593132.0;595000;2392.0;2;3;1284;518 Waynoka Ln;Big Bear Lake;92315;Wheeler Steffen Sotheby's Int.;False;False;House for sale;No data available
304;https://www.zillow.com/homedetails/112-Eagle-Dr-Big-Bear-Lake-CA-92315/17385978_zpid/;1604300.0;2100000;6713.0;4;5;4159;112 Eagle Dr;Big Bear Lake;92315;Mills Realty of California;False;False;House for sale;No data available
305;https://www.zillow.com/homedetails/43076-Moonridge-Rd-Big-Bear-Lake-CA-92315/17620828_zpid/;818303.0;829000;3586.0;3;4;2748;43076 Moonridge Rd;Big Bear Lake;92315;Wheeler Steffen Sotheby's Int.;False;False;House for sale;No data available
306;https://www.zillow.com/homedetails/40031-Hillcrest-Dr-Big-Bear-Lake-CA-92315/17383772_zpid/;679514.0;699900;2556.0;2;3;1415;40031 Hillcrest Dr;Big Bear Lake;92315;Vacasa Real Estate Corp.;False;False;House for sale;No data available
307;https://www.zillow.com/homedetails/872-Conklin-Rd-Big-Bear-Lake-CA-92315/17385696_zpid/;775100.0;799000;2999.0;2;4;1728;872 Conklin Rd;Big Bear Lake;92315;Charis Real Estate;True;False;House for sale;No data available
308;https://www.zillow.com/homedetails/426-Eagle-Lake-Dr-Big-Bear-Lake-CA-92315/2091738140_zpid/;1624000.0;1790000;7020.0;3;5;3527;426 Eagle Lake Dr;Big Bear Lake;92315;Re/Max Big Bear;False;False;House for sale;No data available
309;https://www.zillow.com/homedetails/41562-Park-Ave-Big-Bear-Lake-CA-92315/17386141_zpid/;629203.0;649900;2749.0;2;3;1458;41562 Park Ave;Big Bear Lake;92315;No data available;False;False;House for sale;No data available
310;https://www.zillow.com/homedetails/39209-Big-Bear-Blvd-Big-Bear-Lake-CA-92315/17382983_zpid/;507000.0;650000;2100.0;2;3;948;39209 Big Bear Blvd;Big Bear Lake;92315;Jonathan Whitesides, Broker;False;False;House for sale;No data available
311;https://www.zillow.com/homedetails/205-Lagunita-Ln-Big-Bear-Lake-CA-92315/17383460_zpid/;3729600.0;5895000;22993.0;7;7;5734;205 Lagunita Ln;Big Bear Lake;92315;Wheeler Steffen Sotheby's Int.;True;True;House for sale;No data available
312;https://www.zillow.com/homedetails/871-Elm-St-Big-Bear-Lake-CA-92315/17619865_zpid/;569366.0;589000;2999.0;2;3;1520;871 Elm St;Big Bear Lake;92315;Mountain Lake Properties, Inc.;False;False;House for sale;No data available
313;https://www.zillow.com/homedetails/42255-Castle-Crag-Rd-Big-Bear-Lake-CA-92315/82910601_zpid/;1410009.0;1490000;6735.0;4;4;3300;42255 Castle Crag Rd;Big Bear Lake;92315;Re/Max Big Bear;False;False;House for sale;No data available
314;https://www.zillow.com/homedetails/41941-Evergreen-Dr-Big-Bear-Lake-CA-92315/17618673_zpid/;774500.0;799900;3129.0;4;4;1970;41941 Evergreen Dr;Big Bear Lake;92315;Platinum Finance Properties;False;False;House for sale;No data available
315;https://www.zillow.com/homedetails/729-Cove-Dr-Big-Bear-Lake-CA-92315/17382174_zpid/;1125000.0;1200000;5297.0;3;3;1708;729 Cove Dr;Big Bear Lake;92315;Re/Max Big Bear;False;False;House for sale;No data available
316;https://www.zillow.com/homedetails/40072-Lakeview-Dr-Big-Bear-Lake-CA-92315/17383424_zpid/;763774.0;799999;2650.0;3;3;1570;40072 Lakeview Dr;Big Bear Lake;92315;Compass;True;True;House for sale;No data available
317;https://www.zillow.com/homedetails/1229-Alpenweg-Dr-Big-Bear-Lake-CA-92315/17620064_zpid/;750000.0;759500;3141.0;2;3;1880;1229 Alpenweg Dr;Big Bear Lake;92315;No data available;False;False;House for sale;No data available
318;https://www.zillow.com/homedetails/42538-La-Placida-Ave-Big-Bear-Lake-CA-92315/137976824_zpid/;639900.0;649900;2314.0;2;3;1119;42538 La Placida Ave;Big Bear Lake;92315;BHHS CA Properties;False;False;House for sale;No data available
319;https://www.zillow.com/homedetails/580-Talmadge-Rd-Big-Bear-Lake-CA-92315/17384583_zpid/;670200.0;665000;2878.0;2;3;1646;580 Talmadge Rd;Big Bear Lake;92315;No data available;False;False;House for sale;No data available
320;https://www.zillow.com/homedetails/430-Gibralter-Rd-Big-Bear-Lake-CA-92315/17384169_zpid/;874900.0;1199999;4902.0;2;4;1273;430 Gibralter Rd;Big Bear Lake;92315;Coldwell Banker Realty;False;False;House for sale;No data available
321;https://www.zillow.com/homedetails/42384-Eagle-Ridge-Dr-Big-Bear-Lake-CA-92315/82910647_zpid/;1278260.0;1400000;5594.0;4;4;3453;42384 Eagle Ridge Dr;Big Bear Lake;92315;Re/Max Area Experts;False;False;House for sale;No data available
322;https://www.zillow.com/homedetails/441-Santa-Clara-Blvd-Big-Bear-Lake-CA-92315/17619198_zpid/;689500.0;700000;2999.0;2;3;1746;441 Santa Clara Blvd;Big Bear Lake;92315;Compass;False;False;House for sale;No data available
323;https://www.zillow.com/homedetails/39179-Chincapin-Rd-Big-Bear-Lake-CA-92315/17382558_zpid/;628333.0;650000;2999.0;2;4;2160;39179 Chincapin Rd;Big Bear Lake;92315;Keller Williams Big Bear Lake Arrowhead;False;False;House for sale;No data available
324;https://www.zillow.com/homedetails/193-Lagunita-Ln-Big-Bear-Lake-CA-92315/69002029_zpid/;1851100.0;1724000;7906.0;5;5;5210;193 Lagunita Ln;Big Bear Lake;92315;No data available;False;False;House for sale;No data available
325;https://www.zillow.com/homedetails/832-Menlo-Dr-Big-Bear-Lake-CA-92315/17621147_zpid/;1123825.0;1199900;4837.0;4;5;3087;832 Menlo Dr;Big Bear Lake;92315;KELLER WILLIAMS BBLA;False;False;House for sale;No data available
326;https://www.zillow.com/homedetails/39996-Glenview-Rd-Big-Bear-Lake-CA-92315/17383988_zpid/;686874.0;699000;2598.0;3;3;1456;39996 Glenview Rd;Big Bear Lake;92315;KW Temecula;False;False;House for sale;No data available
327;https://www.zillow.com/homedetails/43128-Moonridge-Rd-Big-Bear-Lake-CA-92315/17386233_zpid/;632100.0;699950;2999.0;2;3;1548;43128 Moonridge Rd;Big Bear Lake;92315;No data available;False;False;House for sale;No data available
328;https://www.zillow.com/homedetails/651-Chipmunk-Ln-Big-Bear-Lake-CA-92315/17382876_zpid/;616700.0;635000;3195.0;3;3;1862;651 Chipmunk Ln;Big Bear Lake;92315;Excalibur Realty;False;False;House for sale;No data available
329;https://www.zillow.com/homedetails/405-Glenwood-Dr-Big-Bear-Lake-CA-92315/2071906499_zpid/;1810000.0;1799900;7918.0;6;5;4084;405 Glenwood Dr;Big Bear Lake;92315;No data available;False;False;New construction;No data available
330;https://www.zillow.com/homedetails/154-Lagunita-Ln-Big-Bear-Lake-CA-92315/17383447_zpid/;1152923.0;1249000;4993.0;2;4;2416;154 Lagunita Ln;Big Bear Lake;92315;Realty One Group Empire;True;False;House for sale;No data available
331;https://www.zillow.com/homedetails/477-Windsong-Pl-Big-Bear-Lake-CA-92315/17389953_zpid/;2002300.0;1799000;8710.0;4;4;5849;477 Windsong Pl;Big Bear Lake;92315;No data available;False;False;House for sale;No data available
332;https://www.zillow.com/homedetails/43636-Sheephorn-Rd-Big-Bear-Lake-CA-92315/17621164_zpid/;1383447.0;1495999;6000.0;7;5;4925;43636 Sheephorn Rd;Big Bear Lake;92315;Vacasa Real Estate Corp.;False;False;House for sale;No data available
333;https://www.zillow.com/homedetails/166-Teakwood-Dr-Big-Bear-Lake-CA-92315/17390037_zpid/;931000.0;995000;4085.0;3;3;2200;166 Teakwood Dr;Big Bear Lake;92315;Re/Max Area Experts;False;False;House for sale;No data available
334;https://www.zillow.com/homedetails/41770-Tanager-Dr-Big-Bear-Lake-CA-92315/17618233_zpid/;955700.0;998750;4336.0;4;5;2827;41770 Tanager Dr;Big Bear Lake;92315;WESTSTAR REAL ESTATE;False;False;House for sale;No data available
335;https://www.zillow.com/homedetails/43555-Sand-Canyon-Rd-Big-Bear-Lake-CA-92315/243183108_zpid/;617207.0;629000;2499.0;2;3;1340;43555 Sand Canyon Rd;Big Bear Lake;92315;Compass;False;False;House for sale;No data available
336;https://www.zillow.com/homedetails/42381-Avalon-Rd-Big-Bear-Lake-CA-92315/17619174_zpid/;653905.0;674999;2929.0;2;3;1440;42381 Avalon Rd;Big Bear Lake;92315;eXp Realty of California Inc.;False;False;House for sale;No data available
337;https://www.zillow.com/homedetails/814-Rayo-Ln-Big-Bear-Lake-CA-92315/17382250_zpid/;718100.0;749900;2629.0;2;3;1431;814 Rayo Ln;Big Bear Lake;92315;Ice Realty Group;False;False;House for sale;No data available
338;https://www.zillow.com/homedetails/43869-Mendocino-Dr-Big-Bear-Lake-CA-92315/17387413_zpid/;559200.0;579900;2199.0;2;3;1120;43869 Mendocino Dr;Big Bear Lake;92315;RE/MAX Big Bear;False;False;House for sale;No data available
339;https://www.zillow.com/homedetails/39197-Waterview-Dr-Big-Bear-Lake-CA-92315/17382547_zpid/;670500.0;699995;2834.0;2;3;1700;39197 Waterview Dr;Big Bear Lake;92315;Bruin Trojan Realtors, Inc.;False;False;House for sale;No data available
340;https://www.zillow.com/homedetails/1646-Tuolomne-Rd-Big-Bear-Lake-CA-92315/69006232_zpid/;860329.0;899950;3499.0;3;4;2304;1646 Tuolomne Rd;Big Bear Lake;92315;Homecoin.com;False;False;House for sale;No data available
341;https://www.zillow.com/homedetails/772-Cove-Dr-Big-Bear-Lake-CA-92315/17382242_zpid/;930600.0;1049000;3093.0;4;4;1800;772 Cove Dr;Big Bear Lake;92315;Pinnacle Estate Properties;False;False;House for sale;No data available
342;https://www.zillow.com/homedetails/43406-Ridge-Crest-Dr-Big-Bear-Lake-CA-92315/2063388519_zpid/;;1449999;;4;3;2663;43406 Ridge Crest Dr;Big Bear Lake;92315;RE/MAX BIG BEAR;False;False;House for sale;No data available
343;https://www.zillow.com/homedetails/308-Eagle-Dr-Big-Bear-Lake-CA-92315/17385082_zpid/;839755.0;867500;3858.0;3;3;2264;308 Eagle Dr;Big Bear Lake;92315;HomeSmart Evergreen Realty;False;False;House for sale;No data available
344;https://www.zillow.com/homedetails/355-Tannenbaum-Dr-Big-Bear-Lake-CA-92315/17620030_zpid/;908080.0;949900;3984.0;3;4;3604;355 Tannenbaum Dr;Big Bear Lake;92315;KELLER WILLIAMS BBLA;False;False;House for sale;No data available
345;https://www.zillow.com/homedetails/43040-Sunset-Dr-Big-Bear-Lake-CA-92315/69005442_zpid/;591666.0;625000;2849.0;2;3;1420;43040 Sunset Dr;Big Bear Lake;92315;KELLER WILLIAMS BBLA;False;False;House for sale;No data available
346;https://www.zillow.com/homedetails/251-Eagle-Dr-Big-Bear-Lake-CA-92315/17385993_zpid/;;1880000;4800.0;3;3;4227;251 Eagle Dr;Big Bear Lake;92315;Excellence RE Real Estate;False;False;House for sale;No data available
347;https://www.zillow.com/homedetails/402-Glenwood-Dr-Big-Bear-Lake-CA-92315/17390016_zpid/;1190356.0;1299000;5159.0;3;5;3819;402 Glenwood Dr;Big Bear Lake;92315;KELLER WILLIAMS BBLA;False;False;House for sale;No data available
348;https://www.zillow.com/homedetails/801-Cameron-Dr-Big-Bear-Lake-CA-92315/17384788_zpid/;857851.0;895000;2999.0;2;3;1850;801 Cameron Dr;Big Bear Lake;92315;InvestorsAlly Realty;False;False;House for sale;No data available
349;https://www.zillow.com/homedetails/41829-Switzerland-Dr-Big-Bear-Lake-CA-92315/17618482_zpid/;1793804.0;1899900;8127.0;7;6;3792;41829 Switzerland Dr;Big Bear Lake;92315;MICHEL HARB, BROKER;False;False;House for sale;No data available
350;https://www.zillow.com/homedetails/370-Starlight-Cir-Big-Bear-Lake-CA-92315/2125181305_zpid/;1725900.0;1749000;4175.0;4;4;3285;370 Starlight Cir;Big Bear Lake;92315;No data available;False;False;New construction;No data available
351;https://www.zillow.com/homedetails/351-Glenwood-Dr-Big-Bear-Lake-CA-92315/69002127_zpid/;1231600.0;1549000;6179.0;5;6;3700;351 Glenwood Dr;Big Bear Lake;92315;No data available;False;False;House for sale;No data available
352;https://www.zillow.com/homedetails/0-Cienega-Rd-Big-Bear-Lake-CA-92315/2086077345_zpid/;;975000;2440.0;2;4;1516;0 Cienega Rd;Big Bear Lake;92315;Mark 1 Real Estate, Inc.;False;False;House for sale;No data available
